-- phpMyAdmin SQL Dump
-- version 4.8.4
-- https://www.phpmyadmin.net/
--
-- Host: 127.0.0.1
-- Erstellungszeit: 14. Aug 2019 um 09:53
-- Server-Version: 10.1.37-MariaDB
-- PHP-Version: 7.3.1

SET SQL_MODE = "NO_AUTO_VALUE_ON_ZERO";
SET AUTOCOMMIT = 0;
START TRANSACTION;
SET time_zone = "+00:00";


/*!40101 SET @OLD_CHARACTER_SET_CLIENT=@@CHARACTER_SET_CLIENT */;
/*!40101 SET @OLD_CHARACTER_SET_RESULTS=@@CHARACTER_SET_RESULTS */;
/*!40101 SET @OLD_COLLATION_CONNECTION=@@COLLATION_CONNECTION */;
/*!40101 SET NAMES utf8mb4 */;

--
-- Datenbank: `reparatur-initiativen_dev`
--

-- --------------------------------------------------------

--
-- Tabellenstruktur für Tabelle `blocked_workshop_slugs`
--

DROP TABLE IF EXISTS `blocked_workshop_slugs`;
CREATE TABLE `blocked_workshop_slugs` (
  `id` int(11) NOT NULL,
  `url` varchar(255) NOT NULL,
  `status` tinyint(4) NOT NULL
) ENGINE=InnoDB DEFAULT CHARSET=utf8;

--
-- Daten für Tabelle `blocked_workshop_slugs`
--

INSERT INTO `blocked_workshop_slugs` (`id`, `url`, `status`) VALUES
(1, 'initiativen', 1),
(2, 'seite', 1),
(3, 'neuigkeiten', 1),
(4, 'reparatur-termine', 1),
(5, 'feed', 1),
(6, 'reparatur-initiativen', 1),
(8, 'werkstatt', 1),
(9, 'users', 1),
(10, 'registrierung', 1),
(11, 'termine', 1),
(12, 'sitemap', 1),
(13, 'rss-termine', 1),
(14, 'rss-twitter', 1),
(15, 'rss-anstiftung', 1),
(16, 'repair-widget', 1),
(17, 'adressbooks', 1),
(18, 'worknews', 1),
(19, 'newsletter-reparatur-initiativen', 1),
(20, 'suche', 1),
(21, 'aktive-liste', 1),
(22, 'aktive', 1),
(23, 'post', 1),
(24, 'admin', 1),
(25, 'meine-termine', 1),
(26, 'versicherung', 1),
(27, 'paech', 1),
(28, 'schridde', 1),
(29, 'heckl', 1),
(30, 'ax', 1),
(31, 'huisken', 1),
(32, 'eisenriegler', 1),
(33, 'dutz', 1),
(34, 'kreiss', 1),
(35, 'vangerow', 1);

-- --------------------------------------------------------

--
-- Tabellenstruktur für Tabelle `blogs`
--

DROP TABLE IF EXISTS `blogs`;
CREATE TABLE `blogs` (
  `id` int(8) NOT NULL,
  `name` varchar(255) NOT NULL,
  `text` text NOT NULL,
  `url` varchar(255) NOT NULL
) ENGINE=InnoDB DEFAULT CHARSET=utf8;

--
-- Daten für Tabelle `blogs`
--

INSERT INTO `blogs` (`id`, `name`, `text`, `url`) VALUES
(1, 'Aktuelles', '', 'neuigkeiten'),
(2, 'Kategorie 2', '', 'kategorie-2');

-- --------------------------------------------------------

--
-- Tabellenstruktur für Tabelle `brands`
--

DROP TABLE IF EXISTS `brands`;
CREATE TABLE `brands` (
  `id` int(8) NOT NULL,
  `name` varchar(100) COLLATE utf8_bin NOT NULL,
  `status` smallint(6) NOT NULL,
  `owner` int(10) UNSIGNED DEFAULT NULL,
  `created` datetime NOT NULL,
  `modified` datetime NOT NULL
) ENGINE=InnoDB DEFAULT CHARSET=utf8 COLLATE=utf8_bin;

--
-- Daten für Tabelle `brands`
--

INSERT INTO `brands` (`id`, `name`, `status`, `owner`, `created`, `modified`) VALUES
(1, 'Abacom', 1, NULL, '0000-00-00 00:00:00', '0000-00-00 00:00:00'),
(2, 'ABB', 1, NULL, '0000-00-00 00:00:00', '0000-00-00 00:00:00'),
(3, 'ABUS', 1, NULL, '0000-00-00 00:00:00', '0000-00-00 00:00:00'),
(4, 'AccuCell', 1, NULL, '0000-00-00 00:00:00', '0000-00-00 00:00:00'),
(5, 'AccuLux', 1, NULL, '0000-00-00 00:00:00', '0000-00-00 00:00:00'),
(6, 'AccuPower', 1, NULL, '0000-00-00 00:00:00', '0000-00-00 00:00:00'),
(7, 'Acer', 1, NULL, '0000-00-00 00:00:00', '0000-00-00 00:00:00'),
(8, 'ACME', 1, NULL, '0000-00-00 00:00:00', '0000-00-00 00:00:00'),
(9, 'Addimat', 1, NULL, '0000-00-00 00:00:00', '0000-00-00 00:00:00'),
(10, 'Adler', 1, NULL, '0000-00-00 00:00:00', '0000-00-00 00:00:00'),
(11, 'Adobe', 1, NULL, '0000-00-00 00:00:00', '0000-00-00 00:00:00'),
(12, 'Adonit', 1, NULL, '0000-00-00 00:00:00', '0000-00-00 00:00:00'),
(13, 'AEE', 1, NULL, '0000-00-00 00:00:00', '0000-00-00 00:00:00'),
(14, 'AEG', 1, NULL, '0000-00-00 00:00:00', '0000-00-00 00:00:00'),
(15, 'AEI', 1, NULL, '0000-00-00 00:00:00', '0000-00-00 00:00:00'),
(16, 'Aerosoft', 1, NULL, '0000-00-00 00:00:00', '0000-00-00 00:00:00'),
(17, 'Aerotec', 1, NULL, '0000-00-00 00:00:00', '0000-00-00 00:00:00'),
(18, 'AgfaPhoto', 1, NULL, '0000-00-00 00:00:00', '0000-00-00 00:00:00'),
(19, 'Agfeo Telekommunikation', 1, NULL, '0000-00-00 00:00:00', '0000-00-00 00:00:00'),
(20, 'Akitio', 1, NULL, '0000-00-00 00:00:00', '0000-00-00 00:00:00'),
(21, 'Akku Power', 1, NULL, '0000-00-00 00:00:00', '0000-00-00 00:00:00'),
(22, 'Alcatel', 1, NULL, '0000-00-00 00:00:00', '0000-00-00 00:00:00'),
(23, 'Allnet', 1, NULL, '0000-00-00 00:00:00', '0000-00-00 00:00:00'),
(24, 'AlphaWire', 1, NULL, '0000-00-00 00:00:00', '0000-00-00 00:00:00'),
(25, 'Altera', 1, NULL, '0000-00-00 00:00:00', '0000-00-00 00:00:00'),
(26, 'Alutec', 1, NULL, '0000-00-00 00:00:00', '0000-00-00 00:00:00'),
(27, 'amazon', 1, NULL, '0000-00-00 00:00:00', '0000-00-00 00:00:00'),
(28, 'Amica', 1, NULL, '0000-00-00 00:00:00', '0000-00-00 00:00:00'),
(29, 'Analog Devices', 1, NULL, '0000-00-00 00:00:00', '0000-00-00 00:00:00'),
(30, 'Antari', 1, NULL, '0000-00-00 00:00:00', '0000-00-00 00:00:00'),
(31, 'APC by Schneider Electric', 1, NULL, '0000-00-00 00:00:00', '0000-00-00 00:00:00'),
(32, 'Apollo Ultrasonic', 1, NULL, '0000-00-00 00:00:00', '0000-00-00 00:00:00'),
(33, 'Apple', 1, NULL, '0000-00-00 00:00:00', '0000-00-00 00:00:00'),
(34, 'AquaLaser', 1, NULL, '0000-00-00 00:00:00', '0000-00-00 00:00:00'),
(35, 'Arcolectric', 1, NULL, '0000-00-00 00:00:00', '0000-00-00 00:00:00'),
(36, 'Arduino', 1, NULL, '0000-00-00 00:00:00', '0000-00-00 00:00:00'),
(37, 'Arebos', 1, NULL, '0000-00-00 00:00:00', '0000-00-00 00:00:00'),
(38, 'Ariete', 1, NULL, '0000-00-00 00:00:00', '0000-00-00 00:00:00'),
(39, 'Arnold Elektrotechnik', 1, NULL, '0000-00-00 00:00:00', '0000-00-00 00:00:00'),
(40, 'Asus', 1, NULL, '0000-00-00 00:00:00', '0000-00-00 00:00:00'),
(41, 'Asus', 1, NULL, '0000-00-00 00:00:00', '0000-00-00 00:00:00'),
(42, 'Atari', 1, NULL, '0000-00-00 00:00:00', '0000-00-00 00:00:00'),
(43, 'ATE Electronics', 1, NULL, '0000-00-00 00:00:00', '0000-00-00 00:00:00'),
(44, 'Atika', 1, NULL, '0000-00-00 00:00:00', '0000-00-00 00:00:00'),
(45, 'Audiosonic', 1, NULL, '0000-00-00 00:00:00', '0000-00-00 00:00:00'),
(46, 'Avira', 1, NULL, '0000-00-00 00:00:00', '0000-00-00 00:00:00'),
(47, 'AVM', 1, NULL, '0000-00-00 00:00:00', '0000-00-00 00:00:00'),
(48, 'Babyliss', 1, NULL, '0000-00-00 00:00:00', '0000-00-00 00:00:00'),
(49, 'Basetech', 1, NULL, '0000-00-00 00:00:00', '0000-00-00 00:00:00'),
(50, 'Batavus', 1, NULL, '0000-00-00 00:00:00', '0000-00-00 00:00:00'),
(51, 'Bauknecht', 1, NULL, '0000-00-00 00:00:00', '0000-00-00 00:00:00'),
(52, 'BEKO', 1, NULL, '0000-00-00 00:00:00', '0000-00-00 00:00:00'),
(53, 'Bellini', 1, NULL, '0000-00-00 00:00:00', '0000-00-00 00:00:00'),
(54, 'Benning', 1, NULL, '0000-00-00 00:00:00', '0000-00-00 00:00:00'),
(55, 'Bestron', 1, NULL, '0000-00-00 00:00:00', '0000-00-00 00:00:00'),
(56, 'Beurer', 1, NULL, '0000-00-00 00:00:00', '0000-00-00 00:00:00'),
(57, 'Bicycles', 1, NULL, '0000-00-00 00:00:00', '0000-00-00 00:00:00'),
(58, 'Bicyle Gear', 1, NULL, '0000-00-00 00:00:00', '0000-00-00 00:00:00'),
(59, 'Bike Manufaktur', 1, NULL, '0000-00-00 00:00:00', '0000-00-00 00:00:00'),
(60, 'BIRIA', 1, NULL, '0000-00-00 00:00:00', '0000-00-00 00:00:00'),
(61, 'Bissell', 1, NULL, '0000-00-00 00:00:00', '0000-00-00 00:00:00'),
(62, 'Black & Decker', 1, NULL, '0000-00-00 00:00:00', '0000-00-00 00:00:00'),
(63, 'BlackBerry', 1, NULL, '0000-00-00 00:00:00', '0000-00-00 00:00:00'),
(64, 'Blau.de', 1, NULL, '0000-00-00 00:00:00', '0000-00-00 00:00:00'),
(65, 'Blaupunkt', 1, NULL, '0000-00-00 00:00:00', '0000-00-00 00:00:00'),
(66, 'Bocas', 1, NULL, '0000-00-00 00:00:00', '0000-00-00 00:00:00'),
(67, 'Bomann', 1, NULL, '0000-00-00 00:00:00', '0000-00-00 00:00:00'),
(68, 'Bontrager', 1, NULL, '0000-00-00 00:00:00', '0000-00-00 00:00:00'),
(69, 'Bort', 1, NULL, '0000-00-00 00:00:00', '0000-00-00 00:00:00'),
(70, 'Bosch', 1, NULL, '0000-00-00 00:00:00', '0000-00-00 00:00:00'),
(71, 'Braun', 1, NULL, '0000-00-00 00:00:00', '0000-00-00 00:00:00'),
(72, 'Brita', 1, NULL, '0000-00-00 00:00:00', '0000-00-00 00:00:00'),
(73, 'Brother', 1, NULL, '0000-00-00 00:00:00', '0000-00-00 00:00:00'),
(74, 'Bulls', 1, NULL, '0000-00-00 00:00:00', '0000-00-00 00:00:00'),
(75, 'Bullseye', 1, NULL, '0000-00-00 00:00:00', '0000-00-00 00:00:00'),
(76, 'BVC', 1, NULL, '0000-00-00 00:00:00', '0000-00-00 00:00:00'),
(77, 'cablefix', 1, NULL, '0000-00-00 00:00:00', '0000-00-00 00:00:00'),
(78, 'CAD Audio', 1, NULL, '0000-00-00 00:00:00', '0000-00-00 00:00:00'),
(79, 'Cannondale', 1, NULL, '0000-00-00 00:00:00', '0000-00-00 00:00:00'),
(80, 'Canon', 1, NULL, '0000-00-00 00:00:00', '0000-00-00 00:00:00'),
(81, 'Carat Electronics', 1, NULL, '0000-00-00 00:00:00', '0000-00-00 00:00:00'),
(82, 'Carbotec', 1, NULL, '0000-00-00 00:00:00', '0000-00-00 00:00:00'),
(83, 'Carrera', 1, NULL, '0000-00-00 00:00:00', '0000-00-00 00:00:00'),
(84, 'Carver', 1, NULL, '0000-00-00 00:00:00', '0000-00-00 00:00:00'),
(85, 'Casdon', 1, NULL, '0000-00-00 00:00:00', '0000-00-00 00:00:00'),
(86, 'Casio', 1, NULL, '0000-00-00 00:00:00', '0000-00-00 00:00:00'),
(87, 'Cervélo', 1, NULL, '0000-00-00 00:00:00', '0000-00-00 00:00:00'),
(88, 'Checker Pig', 1, NULL, '0000-00-00 00:00:00', '0000-00-00 00:00:00'),
(89, 'Cisco', 1, NULL, '0000-00-00 00:00:00', '0000-00-00 00:00:00'),
(90, 'Citizen Electronics', 1, NULL, '0000-00-00 00:00:00', '0000-00-00 00:00:00'),
(91, 'Clatronic', 1, NULL, '0000-00-00 00:00:00', '0000-00-00 00:00:00'),
(92, 'Clean Maxx', 1, NULL, '0000-00-00 00:00:00', '0000-00-00 00:00:00'),
(93, 'Cleanfix', 1, NULL, '0000-00-00 00:00:00', '0000-00-00 00:00:00'),
(94, 'Cobra Swiss', 1, NULL, '0000-00-00 00:00:00', '0000-00-00 00:00:00'),
(95, 'Codemasters', 1, NULL, '0000-00-00 00:00:00', '0000-00-00 00:00:00'),
(96, 'Columbus', 1, NULL, '0000-00-00 00:00:00', '0000-00-00 00:00:00'),
(97, 'COMAG', 1, NULL, '0000-00-00 00:00:00', '0000-00-00 00:00:00'),
(98, 'Comatec', 1, NULL, '0000-00-00 00:00:00', '0000-00-00 00:00:00'),
(99, 'Comet', 1, NULL, '0000-00-00 00:00:00', '0000-00-00 00:00:00'),
(100, 'Compel', 1, NULL, '0000-00-00 00:00:00', '0000-00-00 00:00:00'),
(101, 'Concorde', 1, NULL, '0000-00-00 00:00:00', '0000-00-00 00:00:00'),
(102, 'Conitec', 1, NULL, '0000-00-00 00:00:00', '0000-00-00 00:00:00'),
(103, 'ConiuGo', 1, NULL, '0000-00-00 00:00:00', '0000-00-00 00:00:00'),
(104, 'Conrad', 1, NULL, '0000-00-00 00:00:00', '0000-00-00 00:00:00'),
(105, 'Contoura', 1, NULL, '0000-00-00 00:00:00', '0000-00-00 00:00:00'),
(106, 'Conway', 1, NULL, '0000-00-00 00:00:00', '0000-00-00 00:00:00'),
(107, 'CSL Computer', 1, NULL, '0000-00-00 00:00:00', '0000-00-00 00:00:00'),
(108, 'Cyberlink', 1, NULL, '0000-00-00 00:00:00', '0000-00-00 00:00:00'),
(109, 'CyberPower', 1, NULL, '0000-00-00 00:00:00', '0000-00-00 00:00:00'),
(110, 'Cyclewolf', 1, NULL, '0000-00-00 00:00:00', '0000-00-00 00:00:00'),
(111, 'Cyco Curtis', 1, NULL, '0000-00-00 00:00:00', '0000-00-00 00:00:00'),
(112, 'D-Link', 1, NULL, '0000-00-00 00:00:00', '0000-00-00 00:00:00'),
(113, 'D&S', 1, NULL, '0000-00-00 00:00:00', '0000-00-00 00:00:00'),
(114, 'Dancelli', 1, NULL, '0000-00-00 00:00:00', '0000-00-00 00:00:00'),
(115, 'Dell', 1, NULL, '0000-00-00 00:00:00', '0000-00-00 00:00:00'),
(116, 'DeLonghi', 1, NULL, '0000-00-00 00:00:00', '0000-00-00 00:00:00'),
(117, 'Delta Electronics', 1, NULL, '0000-00-00 00:00:00', '0000-00-00 00:00:00'),
(118, 'deTOX', 1, NULL, '0000-00-00 00:00:00', '0000-00-00 00:00:00'),
(119, 'Diamant', 1, NULL, '0000-00-00 00:00:00', '0000-00-00 00:00:00'),
(120, 'Dirt Devil', 1, NULL, '0000-00-00 00:00:00', '0000-00-00 00:00:00'),
(121, 'Disney', 1, NULL, '0000-00-00 00:00:00', '0000-00-00 00:00:00'),
(122, 'DISPLEX', 1, NULL, '0000-00-00 00:00:00', '0000-00-00 00:00:00'),
(123, 'DMAX', 1, NULL, '0000-00-00 00:00:00', '0000-00-00 00:00:00'),
(124, 'Dolmar', 1, NULL, '0000-00-00 00:00:00', '0000-00-00 00:00:00'),
(125, 'Dometic', 1, NULL, '0000-00-00 00:00:00', '0000-00-00 00:00:00'),
(126, 'Domo', 1, NULL, '0000-00-00 00:00:00', '0000-00-00 00:00:00'),
(127, 'Donau Elektronik', 1, NULL, '0000-00-00 00:00:00', '0000-00-00 00:00:00'),
(128, 'Dremel', 1, NULL, '0000-00-00 00:00:00', '0000-00-00 00:00:00'),
(129, 'Dunlop', 1, NULL, '0000-00-00 00:00:00', '0000-00-00 00:00:00'),
(130, 'Durable', 1, NULL, '0000-00-00 00:00:00', '0000-00-00 00:00:00'),
(131, 'Duracell', 1, NULL, '0000-00-00 00:00:00', '0000-00-00 00:00:00'),
(132, 'Duracraft', 1, NULL, '0000-00-00 00:00:00', '0000-00-00 00:00:00'),
(133, 'Duronic', 1, NULL, '0000-00-00 00:00:00', '0000-00-00 00:00:00'),
(134, 'Dynamics', 1, NULL, '0000-00-00 00:00:00', '0000-00-00 00:00:00'),
(135, 'Dynamite', 1, NULL, '0000-00-00 00:00:00', '0000-00-00 00:00:00'),
(136, 'dyson', 1, NULL, '0000-00-00 00:00:00', '0000-00-00 00:00:00'),
(137, 'EA Elektro-Automatik', 1, NULL, '0000-00-00 00:00:00', '0000-00-00 00:00:00'),
(138, 'EA Games', 1, NULL, '0000-00-00 00:00:00', '0000-00-00 00:00:00'),
(139, 'Easypix', 1, NULL, '0000-00-00 00:00:00', '0000-00-00 00:00:00'),
(140, 'Eberle', 1, NULL, '0000-00-00 00:00:00', '0000-00-00 00:00:00'),
(141, 'ECG', 1, NULL, '0000-00-00 00:00:00', '0000-00-00 00:00:00'),
(142, 'ECO-Light', 1, NULL, '0000-00-00 00:00:00', '0000-00-00 00:00:00'),
(143, 'Ecoline', 1, NULL, '0000-00-00 00:00:00', '0000-00-00 00:00:00'),
(144, 'Ecovacs Robotics', 1, NULL, '0000-00-00 00:00:00', '0000-00-00 00:00:00'),
(145, 'Einhell', 1, NULL, '0000-00-00 00:00:00', '0000-00-00 00:00:00'),
(146, 'Eio', 1, NULL, '0000-00-00 00:00:00', '0000-00-00 00:00:00'),
(147, 'ELAC', 1, NULL, '0000-00-00 00:00:00', '0000-00-00 00:00:00'),
(148, 'ELAN', 1, NULL, '0000-00-00 00:00:00', '0000-00-00 00:00:00'),
(149, 'Elco', 1, NULL, '0000-00-00 00:00:00', '0000-00-00 00:00:00'),
(150, 'Electra', 1, NULL, '0000-00-00 00:00:00', '0000-00-00 00:00:00'),
(151, 'Electric Power', 1, NULL, '0000-00-00 00:00:00', '0000-00-00 00:00:00'),
(152, 'Electro Voice', 1, NULL, '0000-00-00 00:00:00', '0000-00-00 00:00:00'),
(153, 'Electrolube', 1, NULL, '0000-00-00 00:00:00', '0000-00-00 00:00:00'),
(154, 'Electrolux', 1, NULL, '0000-00-00 00:00:00', '0000-00-00 00:00:00'),
(155, 'Electronic Arts', 1, NULL, '0000-00-00 00:00:00', '0000-00-00 00:00:00'),
(156, 'Electrosoft', 1, NULL, '0000-00-00 00:00:00', '0000-00-00 00:00:00'),
(157, 'EMAX', 1, NULL, '0000-00-00 00:00:00', '0000-00-00 00:00:00'),
(158, 'EPH Elektronik', 1, NULL, '0000-00-00 00:00:00', '0000-00-00 00:00:00'),
(159, 'Epple', 1, NULL, '0000-00-00 00:00:00', '0000-00-00 00:00:00'),
(160, 'Epson', 1, NULL, '0000-00-00 00:00:00', '0000-00-00 00:00:00'),
(161, 'Ergotron', 1, NULL, '0000-00-00 00:00:00', '0000-00-00 00:00:00'),
(162, 'Esotec', 1, NULL, '0000-00-00 00:00:00', '0000-00-00 00:00:00'),
(163, 'Eufy', 1, NULL, '0000-00-00 00:00:00', '0000-00-00 00:00:00'),
(164, 'Eurolite', 1, NULL, '0000-00-00 00:00:00', '0000-00-00 00:00:00'),
(165, 'Eurotronic', 1, NULL, '0000-00-00 00:00:00', '0000-00-00 00:00:00'),
(166, 'Evatronic', 1, NULL, '0000-00-00 00:00:00', '0000-00-00 00:00:00'),
(167, 'eVictoria', 1, NULL, '0000-00-00 00:00:00', '0000-00-00 00:00:00'),
(168, 'EVOline', 1, NULL, '0000-00-00 00:00:00', '0000-00-00 00:00:00'),
(169, 'Evolis', 1, NULL, '0000-00-00 00:00:00', '0000-00-00 00:00:00'),
(170, 'Evoluent', 1, NULL, '0000-00-00 00:00:00', '0000-00-00 00:00:00'),
(171, 'Evolution', 1, NULL, '0000-00-00 00:00:00', '0000-00-00 00:00:00'),
(172, 'ewent by Eminent', 1, NULL, '0000-00-00 00:00:00', '0000-00-00 00:00:00'),
(173, 'EWON', 1, NULL, '0000-00-00 00:00:00', '0000-00-00 00:00:00'),
(174, 'Excelsior', 1, NULL, '0000-00-00 00:00:00', '0000-00-00 00:00:00'),
(175, 'Exte', 1, NULL, '0000-00-00 00:00:00', '0000-00-00 00:00:00'),
(176, 'Extech', 1, NULL, '0000-00-00 00:00:00', '0000-00-00 00:00:00'),
(177, 'F-Tronic', 1, NULL, '0000-00-00 00:00:00', '0000-00-00 00:00:00'),
(178, 'FabConstruct', 1, NULL, '0000-00-00 00:00:00', '0000-00-00 00:00:00'),
(179, 'Faber Kabel', 1, NULL, '0000-00-00 00:00:00', '0000-00-00 00:00:00'),
(180, 'FairPhone', 1, NULL, '0000-00-00 00:00:00', '0000-00-00 00:00:00'),
(181, 'Fakir', 1, NULL, '0000-00-00 00:00:00', '0000-00-00 00:00:00'),
(182, 'Falter', 1, NULL, '0000-00-00 00:00:00', '0000-00-00 00:00:00'),
(183, 'Feinwerk', 1, NULL, '0000-00-00 00:00:00', '0000-00-00 00:00:00'),
(184, 'Festool', 1, NULL, '0000-00-00 00:00:00', '0000-00-00 00:00:00'),
(185, 'Fischer', 1, NULL, '0000-00-00 00:00:00', '0000-00-00 00:00:00'),
(186, 'Focus', 1, NULL, '0000-00-00 00:00:00', '0000-00-00 00:00:00'),
(187, 'FolderSys', 1, NULL, '0000-00-00 00:00:00', '0000-00-00 00:00:00'),
(188, 'Freecom', 1, NULL, '0000-00-00 00:00:00', '0000-00-00 00:00:00'),
(189, 'Friwo', 1, NULL, '0000-00-00 00:00:00', '0000-00-00 00:00:00'),
(190, 'FrSky', 1, NULL, '0000-00-00 00:00:00', '0000-00-00 00:00:00'),
(191, 'Fujifilm', 1, NULL, '0000-00-00 00:00:00', '0000-00-00 00:00:00'),
(192, 'Fujikura', 1, NULL, '0000-00-00 00:00:00', '0000-00-00 00:00:00'),
(193, 'Fujitsu', 1, NULL, '0000-00-00 00:00:00', '0000-00-00 00:00:00'),
(194, 'Fukushima Futaba', 1, NULL, '0000-00-00 00:00:00', '0000-00-00 00:00:00'),
(195, 'Galano', 1, NULL, '0000-00-00 00:00:00', '0000-00-00 00:00:00'),
(196, 'Gardena', 1, NULL, '0000-00-00 00:00:00', '0000-00-00 00:00:00'),
(197, 'Garmin', 1, NULL, '0000-00-00 00:00:00', '0000-00-00 00:00:00'),
(198, 'Gazelle', 1, NULL, '0000-00-00 00:00:00', '0000-00-00 00:00:00'),
(199, 'General Electric', 1, NULL, '0000-00-00 00:00:00', '0000-00-00 00:00:00'),
(200, 'Germatec', 1, NULL, '0000-00-00 00:00:00', '0000-00-00 00:00:00'),
(201, 'Gigabyte', 1, NULL, '0000-00-00 00:00:00', '0000-00-00 00:00:00'),
(202, 'Gigahertz Solutions', 1, NULL, '0000-00-00 00:00:00', '0000-00-00 00:00:00'),
(203, 'Gigaset', 1, NULL, '0000-00-00 00:00:00', '0000-00-00 00:00:00'),
(204, 'GlobTek', 1, NULL, '0000-00-00 00:00:00', '0000-00-00 00:00:00'),
(205, 'GoodSky', 1, NULL, '0000-00-00 00:00:00', '0000-00-00 00:00:00'),
(206, 'Goodyear', 1, NULL, '0000-00-00 00:00:00', '0000-00-00 00:00:00'),
(207, 'Google', 1, NULL, '0000-00-00 00:00:00', '0000-00-00 00:00:00'),
(208, 'Google', 1, NULL, '0000-00-00 00:00:00', '0000-00-00 00:00:00'),
(209, 'GoPro', 1, NULL, '0000-00-00 00:00:00', '0000-00-00 00:00:00'),
(210, 'Gorenje', 1, NULL, '0000-00-00 00:00:00', '0000-00-00 00:00:00'),
(211, 'GP Batteries', 1, NULL, '0000-00-00 00:00:00', '0000-00-00 00:00:00'),
(212, 'Grace', 1, NULL, '0000-00-00 00:00:00', '0000-00-00 00:00:00'),
(213, 'Grothe', 1, NULL, '0000-00-00 00:00:00', '0000-00-00 00:00:00'),
(214, 'Grundig', 1, NULL, '0000-00-00 00:00:00', '0000-00-00 00:00:00'),
(215, 'GT Bicycles', 1, NULL, '0000-00-00 00:00:00', '0000-00-00 00:00:00'),
(216, 'Güde', 1, NULL, '0000-00-00 00:00:00', '0000-00-00 00:00:00'),
(217, 'H. König', 1, NULL, '0000-00-00 00:00:00', '0000-00-00 00:00:00'),
(218, 'HAAgA', 1, NULL, '0000-00-00 00:00:00', '0000-00-00 00:00:00'),
(219, 'Hähnel Fototechnik', 1, NULL, '0000-00-00 00:00:00', '0000-00-00 00:00:00'),
(220, 'Hama', 1, NULL, '0000-00-00 00:00:00', '0000-00-00 00:00:00'),
(221, 'Hammond Electronics', 1, NULL, '0000-00-00 00:00:00', '0000-00-00 00:00:00'),
(222, 'hansgrohe', 1, NULL, '0000-00-00 00:00:00', '0000-00-00 00:00:00'),
(223, 'Harper', 1, NULL, '0000-00-00 00:00:00', '0000-00-00 00:00:00'),
(224, 'Hasbro', 1, NULL, '0000-00-00 00:00:00', '0000-00-00 00:00:00'),
(225, 'Hasco Relays and Electronics', 1, NULL, '0000-00-00 00:00:00', '0000-00-00 00:00:00'),
(226, 'Hauppauge', 1, NULL, '0000-00-00 00:00:00', '0000-00-00 00:00:00'),
(227, 'HAWA', 1, NULL, '0000-00-00 00:00:00', '0000-00-00 00:00:00'),
(228, 'Hazet', 1, NULL, '0000-00-00 00:00:00', '0000-00-00 00:00:00'),
(229, 'Hebotec', 1, NULL, '0000-00-00 00:00:00', '0000-00-00 00:00:00'),
(230, 'Hecht', 1, NULL, '0000-00-00 00:00:00', '0000-00-00 00:00:00'),
(231, 'Hera', 1, NULL, '0000-00-00 00:00:00', '0000-00-00 00:00:00'),
(232, 'Hercules', 1, NULL, '0000-00-00 00:00:00', '0000-00-00 00:00:00'),
(233, 'Heuer', 1, NULL, '0000-00-00 00:00:00', '0000-00-00 00:00:00'),
(234, 'HGB', 1, NULL, '0000-00-00 00:00:00', '0000-00-00 00:00:00'),
(235, 'Hi5', 1, NULL, '0000-00-00 00:00:00', '0000-00-00 00:00:00'),
(236, 'Hicon', 1, NULL, '0000-00-00 00:00:00', '0000-00-00 00:00:00'),
(237, 'HiFiBerry', 1, NULL, '0000-00-00 00:00:00', '0000-00-00 00:00:00'),
(238, 'Hifonics', 1, NULL, '0000-00-00 00:00:00', '0000-00-00 00:00:00'),
(239, 'HIKVISION', 1, NULL, '0000-00-00 00:00:00', '0000-00-00 00:00:00'),
(240, 'Hirose Electronic', 1, NULL, '0000-00-00 00:00:00', '0000-00-00 00:00:00'),
(241, 'Hitachi', 1, NULL, '0000-00-00 00:00:00', '0000-00-00 00:00:00'),
(242, 'Hitachi', 1, NULL, '0000-00-00 00:00:00', '0000-00-00 00:00:00'),
(243, 'Hitec', 1, NULL, '0000-00-00 00:00:00', '0000-00-00 00:00:00'),
(244, 'Hohner', 1, NULL, '0000-00-00 00:00:00', '0000-00-00 00:00:00'),
(245, 'Honsel', 1, NULL, '0000-00-00 00:00:00', '0000-00-00 00:00:00'),
(246, 'Hoover', 1, NULL, '0000-00-00 00:00:00', '0000-00-00 00:00:00'),
(247, 'Horizon', 1, NULL, '0000-00-00 00:00:00', '0000-00-00 00:00:00'),
(248, 'HP', 1, NULL, '0000-00-00 00:00:00', '0000-00-00 00:00:00'),
(249, 'HTB', 1, NULL, '0000-00-00 00:00:00', '0000-00-00 00:00:00'),
(250, 'HTC', 1, NULL, '0000-00-00 00:00:00', '0000-00-00 00:00:00'),
(251, 'HTP', 1, NULL, '0000-00-00 00:00:00', '0000-00-00 00:00:00'),
(252, 'Huawei', 1, NULL, '0000-00-00 00:00:00', '0000-00-00 00:00:00'),
(253, 'Hudora', 1, NULL, '0000-00-00 00:00:00', '0000-00-00 00:00:00'),
(254, 'HuiYuan', 1, NULL, '0000-00-00 00:00:00', '0000-00-00 00:00:00'),
(255, 'HUKITECH', 1, NULL, '0000-00-00 00:00:00', '0000-00-00 00:00:00'),
(256, 'Humax', 1, NULL, '0000-00-00 00:00:00', '0000-00-00 00:00:00'),
(257, 'Husqvarna', 1, NULL, '0000-00-00 00:00:00', '0000-00-00 00:00:00'),
(258, 'HyCell', 1, NULL, '0000-00-00 00:00:00', '0000-00-00 00:00:00'),
(259, 'Hyla', 1, NULL, '0000-00-00 00:00:00', '0000-00-00 00:00:00'),
(260, 'Hyundai', 1, NULL, '0000-00-00 00:00:00', '0000-00-00 00:00:00'),
(261, 'Hyundai', 1, NULL, '0000-00-00 00:00:00', '0000-00-00 00:00:00'),
(262, 'i-tec', 1, NULL, '0000-00-00 00:00:00', '0000-00-00 00:00:00'),
(263, 'IBM', 1, NULL, '0000-00-00 00:00:00', '0000-00-00 00:00:00'),
(264, 'IC Inter Control', 1, NULL, '0000-00-00 00:00:00', '0000-00-00 00:00:00'),
(265, 'icontrol', 1, NULL, '0000-00-00 00:00:00', '0000-00-00 00:00:00'),
(266, 'Ideal', 1, NULL, '0000-00-00 00:00:00', '0000-00-00 00:00:00'),
(267, 'Ideal Tek', 1, NULL, '0000-00-00 00:00:00', '0000-00-00 00:00:00'),
(268, 'Iduino', 1, NULL, '0000-00-00 00:00:00', '0000-00-00 00:00:00'),
(269, 'iFixit', 1, NULL, '0000-00-00 00:00:00', '0000-00-00 00:00:00'),
(270, 'ifm Electronic', 1, NULL, '0000-00-00 00:00:00', '0000-00-00 00:00:00'),
(271, 'Igarashi', 1, NULL, '0000-00-00 00:00:00', '0000-00-00 00:00:00'),
(272, 'Iiyama', 1, NULL, '0000-00-00 00:00:00', '0000-00-00 00:00:00'),
(273, 'ILME', 1, NULL, '0000-00-00 00:00:00', '0000-00-00 00:00:00'),
(274, 'iLuv', 1, NULL, '0000-00-00 00:00:00', '0000-00-00 00:00:00'),
(275, 'imax', 1, NULL, '0000-00-00 00:00:00', '0000-00-00 00:00:00'),
(276, 'Immersion RC', 1, NULL, '0000-00-00 00:00:00', '0000-00-00 00:00:00'),
(277, 'Impac', 1, NULL, '0000-00-00 00:00:00', '0000-00-00 00:00:00'),
(278, 'Inakustik', 1, NULL, '0000-00-00 00:00:00', '0000-00-00 00:00:00'),
(279, 'Infineon Technologies', 1, NULL, '0000-00-00 00:00:00', '0000-00-00 00:00:00'),
(280, 'Insys', 1, NULL, '0000-00-00 00:00:00', '0000-00-00 00:00:00'),
(281, 'Intact Battery Guard', 1, NULL, '0000-00-00 00:00:00', '0000-00-00 00:00:00'),
(282, 'Intel', 1, NULL, '0000-00-00 00:00:00', '0000-00-00 00:00:00'),
(283, 'Intenso', 1, NULL, '0000-00-00 00:00:00', '0000-00-00 00:00:00'),
(284, 'Intercontec', 1, NULL, '0000-00-00 00:00:00', '0000-00-00 00:00:00'),
(285, 'Interkabel', 1, NULL, '0000-00-00 00:00:00', '0000-00-00 00:00:00'),
(286, 'Interlink', 1, NULL, '0000-00-00 00:00:00', '0000-00-00 00:00:00'),
(287, 'Intertec', 1, NULL, '0000-00-00 00:00:00', '0000-00-00 00:00:00'),
(288, 'Intex', 1, NULL, '0000-00-00 00:00:00', '0000-00-00 00:00:00'),
(289, 'ION', 1, NULL, '0000-00-00 00:00:00', '0000-00-00 00:00:00'),
(290, 'IRIS by Canon', 1, NULL, '0000-00-00 00:00:00', '0000-00-00 00:00:00'),
(291, 'iRobot', 1, NULL, '0000-00-00 00:00:00', '0000-00-00 00:00:00'),
(292, 'iRobot', 1, NULL, '0000-00-00 00:00:00', '0000-00-00 00:00:00'),
(293, 'ITO', 1, NULL, '0000-00-00 00:00:00', '0000-00-00 00:00:00'),
(294, 'Jamicon', 1, NULL, '0000-00-00 00:00:00', '0000-00-00 00:00:00'),
(295, 'JB Systems', 1, NULL, '0000-00-00 00:00:00', '0000-00-00 00:00:00'),
(296, 'JEDI Lighting', 1, NULL, '0000-00-00 00:00:00', '0000-00-00 00:00:00'),
(297, 'JVG', 1, NULL, '0000-00-00 00:00:00', '0000-00-00 00:00:00'),
(298, 'Kabeltronik', 1, NULL, '0000-00-00 00:00:00', '0000-00-00 00:00:00'),
(299, 'Kaiser', 1, NULL, '0000-00-00 00:00:00', '0000-00-00 00:00:00'),
(300, 'Kalkhoff', 1, NULL, '0000-00-00 00:00:00', '0000-00-00 00:00:00'),
(301, 'Kärcher', 1, NULL, '0000-00-00 00:00:00', '0000-00-00 00:00:00'),
(302, 'Kaspersky Lab', 1, NULL, '0000-00-00 00:00:00', '0000-00-00 00:00:00'),
(303, 'Kenwood', 1, NULL, '0000-00-00 00:00:00', '0000-00-00 00:00:00'),
(304, 'Kettler', 1, NULL, '0000-00-00 00:00:00', '0000-00-00 00:00:00'),
(305, 'Keysight Technologies', 1, NULL, '0000-00-00 00:00:00', '0000-00-00 00:00:00'),
(306, 'Keysonic', 1, NULL, '0000-00-00 00:00:00', '0000-00-00 00:00:00'),
(307, 'Kirby', 1, NULL, '0000-00-00 00:00:00', '0000-00-00 00:00:00'),
(308, 'Klicktel', 1, NULL, '0000-00-00 00:00:00', '0000-00-00 00:00:00'),
(309, 'Knorr Tec', 1, NULL, '0000-00-00 00:00:00', '0000-00-00 00:00:00'),
(310, 'Kodak', 1, NULL, '0000-00-00 00:00:00', '0000-00-00 00:00:00'),
(311, 'Koei Tecmo', 1, NULL, '0000-00-00 00:00:00', '0000-00-00 00:00:00'),
(312, 'Koga', 1, NULL, '0000-00-00 00:00:00', '0000-00-00 00:00:00'),
(313, 'Konami', 1, NULL, '0000-00-00 00:00:00', '0000-00-00 00:00:00'),
(314, 'Korea Electronics', 1, NULL, '0000-00-00 00:00:00', '0000-00-00 00:00:00'),
(315, 'KORG', 1, NULL, '0000-00-00 00:00:00', '0000-00-00 00:00:00'),
(316, 'Kreidler', 1, NULL, '0000-00-00 00:00:00', '0000-00-00 00:00:00'),
(317, 'Krups', 1, NULL, '0000-00-00 00:00:00', '0000-00-00 00:00:00'),
(318, 'Kumpan Electric', 1, NULL, '0000-00-00 00:00:00', '0000-00-00 00:00:00'),
(319, 'Kynast', 1, NULL, '0000-00-00 00:00:00', '0000-00-00 00:00:00'),
(320, 'Kyocera', 1, NULL, '0000-00-00 00:00:00', '0000-00-00 00:00:00'),
(321, 'Kyoritsu', 1, NULL, '0000-00-00 00:00:00', '0000-00-00 00:00:00'),
(322, 'Kyosho', 1, NULL, '0000-00-00 00:00:00', '0000-00-00 00:00:00'),
(323, 'Kyutec', 1, NULL, '0000-00-00 00:00:00', '0000-00-00 00:00:00'),
(324, 'LaCie', 1, NULL, '0000-00-00 00:00:00', '0000-00-00 00:00:00'),
(325, 'LAICA', 1, NULL, '0000-00-00 00:00:00', '0000-00-00 00:00:00'),
(326, 'Lakes', 1, NULL, '0000-00-00 00:00:00', '0000-00-00 00:00:00'),
(327, 'Lascar Electronics', 1, NULL, '0000-00-00 00:00:00', '0000-00-00 00:00:00'),
(328, 'Laserfuchs', 1, NULL, '0000-00-00 00:00:00', '0000-00-00 00:00:00'),
(329, 'Laserliner', 1, NULL, '0000-00-00 00:00:00', '0000-00-00 00:00:00'),
(330, 'Laserworld', 1, NULL, '0000-00-00 00:00:00', '0000-00-00 00:00:00'),
(331, 'Lavor', 1, NULL, '0000-00-00 00:00:00', '0000-00-00 00:00:00'),
(332, 'Lavor', 1, NULL, '0000-00-00 00:00:00', '0000-00-00 00:00:00'),
(333, 'Lazer', 1, NULL, '0000-00-00 00:00:00', '0000-00-00 00:00:00'),
(334, 'LD Systems', 1, NULL, '0000-00-00 00:00:00', '0000-00-00 00:00:00'),
(335, 'LDPower', 1, NULL, '0000-00-00 00:00:00', '0000-00-00 00:00:00'),
(336, 'LEAD Energy', 1, NULL, '0000-00-00 00:00:00', '0000-00-00 00:00:00'),
(337, 'Lebara', 1, NULL, '0000-00-00 00:00:00', '0000-00-00 00:00:00'),
(338, 'LEDmaxx', 1, NULL, '0000-00-00 00:00:00', '0000-00-00 00:00:00'),
(339, 'LEGO', 1, NULL, '0000-00-00 00:00:00', '0000-00-00 00:00:00'),
(340, 'Leica', 1, NULL, '0000-00-00 00:00:00', '0000-00-00 00:00:00'),
(341, 'Leifheit', 1, NULL, '0000-00-00 00:00:00', '0000-00-00 00:00:00'),
(342, 'LEKI', 1, NULL, '0000-00-00 00:00:00', '0000-00-00 00:00:00'),
(343, 'Lenovo', 1, NULL, '0000-00-00 00:00:00', '0000-00-00 00:00:00'),
(344, 'Lexicon', 1, NULL, '0000-00-00 00:00:00', '0000-00-00 00:00:00'),
(345, 'Lexmark', 1, NULL, '0000-00-00 00:00:00', '0000-00-00 00:00:00'),
(346, 'Lexware', 1, NULL, '0000-00-00 00:00:00', '0000-00-00 00:00:00'),
(347, 'LG Electronics', 1, NULL, '0000-00-00 00:00:00', '0000-00-00 00:00:00'),
(348, 'Libratone', 1, NULL, '0000-00-00 00:00:00', '0000-00-00 00:00:00'),
(349, 'LinkDesk', 1, NULL, '0000-00-00 00:00:00', '0000-00-00 00:00:00'),
(350, 'LiteXpress', 1, NULL, '0000-00-00 00:00:00', '0000-00-00 00:00:00'),
(351, 'Lithium Powerbloc', 1, NULL, '0000-00-00 00:00:00', '0000-00-00 00:00:00'),
(352, 'Living', 1, NULL, '0000-00-00 00:00:00', '0000-00-00 00:00:00'),
(353, 'LogiLink', 1, NULL, '0000-00-00 00:00:00', '0000-00-00 00:00:00'),
(354, 'Logitech', 1, NULL, '0000-00-00 00:00:00', '0000-00-00 00:00:00'),
(355, 'LTC Audio', 1, NULL, '0000-00-00 00:00:00', '0000-00-00 00:00:00'),
(356, 'LUMEX', 1, NULL, '0000-00-00 00:00:00', '0000-00-00 00:00:00'),
(357, 'Lumix', 1, NULL, '0000-00-00 00:00:00', '0000-00-00 00:00:00'),
(358, 'Lux', 1, NULL, '0000-00-00 00:00:00', '0000-00-00 00:00:00'),
(359, 'MAAS Elektronik', 1, NULL, '0000-00-00 00:00:00', '0000-00-00 00:00:00'),
(360, 'Mac Audio', 1, NULL, '0000-00-00 00:00:00', '0000-00-00 00:00:00'),
(361, 'Mag-Lite', 1, NULL, '0000-00-00 00:00:00', '0000-00-00 00:00:00'),
(362, 'Magics', 1, NULL, '0000-00-00 00:00:00', '0000-00-00 00:00:00'),
(363, 'Makerbot', 1, NULL, '0000-00-00 00:00:00', '0000-00-00 00:00:00'),
(364, 'Makerfactory', 1, NULL, '0000-00-00 00:00:00', '0000-00-00 00:00:00'),
(365, 'Makita', 1, NULL, '0000-00-00 00:00:00', '0000-00-00 00:00:00'),
(366, 'Märklin', 1, NULL, '0000-00-00 00:00:00', '0000-00-00 00:00:00'),
(367, 'Marmitek', 1, NULL, '0000-00-00 00:00:00', '0000-00-00 00:00:00'),
(368, 'Matsuo Electric', 1, NULL, '0000-00-00 00:00:00', '0000-00-00 00:00:00'),
(369, 'Mattel', 1, NULL, '0000-00-00 00:00:00', '0000-00-00 00:00:00'),
(370, 'McAfee', 1, NULL, '0000-00-00 00:00:00', '0000-00-00 00:00:00'),
(371, 'McKenzie', 1, NULL, '0000-00-00 00:00:00', '0000-00-00 00:00:00'),
(372, 'Medion', 1, NULL, '0000-00-00 00:00:00', '0000-00-00 00:00:00'),
(373, 'Medium', 1, NULL, '0000-00-00 00:00:00', '0000-00-00 00:00:00'),
(374, 'Melissa', 1, NULL, '0000-00-00 00:00:00', '0000-00-00 00:00:00'),
(375, 'Melitta', 1, NULL, '0000-00-00 00:00:00', '0000-00-00 00:00:00'),
(376, 'Menzer', 1, NULL, '0000-00-00 00:00:00', '0000-00-00 00:00:00'),
(377, 'Metabo', 1, NULL, '0000-00-00 00:00:00', '0000-00-00 00:00:00'),
(378, 'Michelin', 1, NULL, '0000-00-00 00:00:00', '0000-00-00 00:00:00'),
(379, 'Micro-Swiss', 1, NULL, '0000-00-00 00:00:00', '0000-00-00 00:00:00'),
(380, 'micro:bit', 1, NULL, '0000-00-00 00:00:00', '0000-00-00 00:00:00'),
(381, 'Microchip Technology', 1, NULL, '0000-00-00 00:00:00', '0000-00-00 00:00:00'),
(382, 'Microelectronic', 1, NULL, '0000-00-00 00:00:00', '0000-00-00 00:00:00'),
(383, 'Microsoft', 1, NULL, '0000-00-00 00:00:00', '0000-00-00 00:00:00'),
(384, 'Miele', 1, NULL, '0000-00-00 00:00:00', '0000-00-00 00:00:00'),
(385, 'MikroElektronika', 1, NULL, '0000-00-00 00:00:00', '0000-00-00 00:00:00'),
(386, 'Mitsubishi Electric', 1, NULL, '0000-00-00 00:00:00', '0000-00-00 00:00:00'),
(387, 'Moneual', 1, NULL, '0000-00-00 00:00:00', '0000-00-00 00:00:00'),
(388, 'Mongoose', 1, NULL, '0000-00-00 00:00:00', '0000-00-00 00:00:00'),
(389, 'Morrison', 1, NULL, '0000-00-00 00:00:00', '0000-00-00 00:00:00'),
(390, 'Motorola', 1, NULL, '0000-00-00 00:00:00', '0000-00-00 00:00:00'),
(391, 'Müller', 1, NULL, '0000-00-00 00:00:00', '0000-00-00 00:00:00'),
(392, 'MultiCopy', 1, NULL, '0000-00-00 00:00:00', '0000-00-00 00:00:00'),
(393, 'Multiplex', 1, NULL, '0000-00-00 00:00:00', '0000-00-00 00:00:00'),
(394, 'multipower', 1, NULL, '0000-00-00 00:00:00', '0000-00-00 00:00:00'),
(395, 'Murata', 1, NULL, '0000-00-00 00:00:00', '0000-00-00 00:00:00'),
(396, 'Namae Electronics', 1, NULL, '0000-00-00 00:00:00', '0000-00-00 00:00:00'),
(397, 'Necchi', 1, NULL, '0000-00-00 00:00:00', '0000-00-00 00:00:00'),
(398, 'Neolux', 1, NULL, '0000-00-00 00:00:00', '0000-00-00 00:00:00'),
(399, 'Nestlé', 1, NULL, '0000-00-00 00:00:00', '0000-00-00 00:00:00'),
(400, 'NETGEAR', 1, NULL, '0000-00-00 00:00:00', '0000-00-00 00:00:00'),
(401, 'Nikon', 1, NULL, '0000-00-00 00:00:00', '0000-00-00 00:00:00'),
(402, 'Nilfisk', 1, NULL, '0000-00-00 00:00:00', '0000-00-00 00:00:00'),
(403, 'Nintendo', 1, NULL, '0000-00-00 00:00:00', '0000-00-00 00:00:00'),
(404, 'NiteCore', 1, NULL, '0000-00-00 00:00:00', '0000-00-00 00:00:00'),
(405, 'Nitro Concepts', 1, NULL, '0000-00-00 00:00:00', '0000-00-00 00:00:00'),
(406, 'Nokia', 1, NULL, '0000-00-00 00:00:00', '0000-00-00 00:00:00'),
(407, 'Nordlux', 1, NULL, '0000-00-00 00:00:00', '0000-00-00 00:00:00'),
(408, 'NORICA', 1, NULL, '0000-00-00 00:00:00', '0000-00-00 00:00:00'),
(409, 'Novatek', 1, NULL, '0000-00-00 00:00:00', '0000-00-00 00:00:00'),
(410, 'Novitec', 1, NULL, '0000-00-00 00:00:00', '0000-00-00 00:00:00'),
(411, 'Nowsonic', 1, NULL, '0000-00-00 00:00:00', '0000-00-00 00:00:00'),
(412, 'Noxon', 1, NULL, '0000-00-00 00:00:00', '0000-00-00 00:00:00'),
(413, 'Numatic', 1, NULL, '0000-00-00 00:00:00', '0000-00-00 00:00:00'),
(414, 'O2', 1, NULL, '0000-00-00 00:00:00', '0000-00-00 00:00:00'),
(415, 'OKI', 1, NULL, '0000-00-00 00:00:00', '0000-00-00 00:00:00'),
(416, 'Olympia', 1, NULL, '0000-00-00 00:00:00', '0000-00-00 00:00:00'),
(417, 'Olympus', 1, NULL, '0000-00-00 00:00:00', '0000-00-00 00:00:00'),
(418, 'Omega', 1, NULL, '0000-00-00 00:00:00', '0000-00-00 00:00:00'),
(419, 'Omen by HP', 1, NULL, '0000-00-00 00:00:00', '0000-00-00 00:00:00'),
(420, 'Omnilux', 1, NULL, '0000-00-00 00:00:00', '0000-00-00 00:00:00'),
(421, 'Omnitronic', 1, NULL, '0000-00-00 00:00:00', '0000-00-00 00:00:00'),
(422, 'Oral-B', 1, NULL, '0000-00-00 00:00:00', '0000-00-00 00:00:00'),
(423, 'Ortega', 1, NULL, '0000-00-00 00:00:00', '0000-00-00 00:00:00'),
(424, 'Oshino', 1, NULL, '0000-00-00 00:00:00', '0000-00-00 00:00:00'),
(425, 'OSRAM', 1, NULL, '0000-00-00 00:00:00', '0000-00-00 00:00:00'),
(426, 'Outdoor Lights', 1, NULL, '0000-00-00 00:00:00', '0000-00-00 00:00:00'),
(427, 'OutdoorTech', 1, NULL, '0000-00-00 00:00:00', '0000-00-00 00:00:00'),
(428, 'Overmat', 1, NULL, '0000-00-00 00:00:00', '0000-00-00 00:00:00'),
(429, 'Oxygen', 1, NULL, '0000-00-00 00:00:00', '0000-00-00 00:00:00'),
(430, 'Palmer Audio', 1, NULL, '0000-00-00 00:00:00', '0000-00-00 00:00:00'),
(431, 'Panasonic', 1, NULL, '0000-00-00 00:00:00', '0000-00-00 00:00:00'),
(432, 'Panther', 1, NULL, '0000-00-00 00:00:00', '0000-00-00 00:00:00'),
(433, 'Passat', 1, NULL, '0000-00-00 00:00:00', '0000-00-00 00:00:00'),
(434, 'Patria', 1, NULL, '0000-00-00 00:00:00', '0000-00-00 00:00:00'),
(435, 'Pegasus', 1, NULL, '0000-00-00 00:00:00', '0000-00-00 00:00:00'),
(436, 'PerfectPro', 1, NULL, '0000-00-00 00:00:00', '0000-00-00 00:00:00'),
(437, 'Perixx', 1, NULL, '0000-00-00 00:00:00', '0000-00-00 00:00:00'),
(438, 'Perry Electric', 1, NULL, '0000-00-00 00:00:00', '0000-00-00 00:00:00'),
(439, 'Peter Electronic', 1, NULL, '0000-00-00 00:00:00', '0000-00-00 00:00:00'),
(440, 'Philips', 1, NULL, '0000-00-00 00:00:00', '0000-00-00 00:00:00'),
(441, 'Phoenix', 1, NULL, '0000-00-00 00:00:00', '0000-00-00 00:00:00'),
(442, 'PhotoFast', 1, NULL, '0000-00-00 00:00:00', '0000-00-00 00:00:00'),
(443, 'Pietsch', 1, NULL, '0000-00-00 00:00:00', '0000-00-00 00:00:00'),
(444, 'Pistrada', 1, NULL, '0000-00-00 00:00:00', '0000-00-00 00:00:00'),
(445, 'Platinum', 1, NULL, '0000-00-00 00:00:00', '0000-00-00 00:00:00'),
(446, 'PlayGo', 1, NULL, '0000-00-00 00:00:00', '0000-00-00 00:00:00'),
(447, 'Polar', 1, NULL, '0000-00-00 00:00:00', '0000-00-00 00:00:00'),
(448, 'Polarlite', 1, NULL, '0000-00-00 00:00:00', '0000-00-00 00:00:00'),
(449, 'Polaroid', 1, NULL, '0000-00-00 00:00:00', '0000-00-00 00:00:00'),
(450, 'Polisport', 1, NULL, '0000-00-00 00:00:00', '0000-00-00 00:00:00'),
(451, 'Polk Audio', 1, NULL, '0000-00-00 00:00:00', '0000-00-00 00:00:00'),
(452, 'Polti', 1, NULL, '0000-00-00 00:00:00', '0000-00-00 00:00:00'),
(453, 'Polycom', 1, NULL, '0000-00-00 00:00:00', '0000-00-00 00:00:00'),
(454, 'Polymaker', 1, NULL, '0000-00-00 00:00:00', '0000-00-00 00:00:00'),
(455, 'polyWatch', 1, NULL, '0000-00-00 00:00:00', '0000-00-00 00:00:00'),
(456, 'Pomona Electronics', 1, NULL, '0000-00-00 00:00:00', '0000-00-00 00:00:00'),
(457, 'Pro Aqua', 1, NULL, '0000-00-00 00:00:00', '0000-00-00 00:00:00'),
(458, 'Progress', 1, NULL, '0000-00-00 00:00:00', '0000-00-00 00:00:00'),
(459, 'Protex', 1, NULL, '0000-00-00 00:00:00', '0000-00-00 00:00:00'),
(460, 'Proxxon', 1, NULL, '0000-00-00 00:00:00', '0000-00-00 00:00:00'),
(461, 'Qantek', 1, NULL, '0000-00-00 00:00:00', '0000-00-00 00:00:00'),
(462, 'QNAP', 1, NULL, '0000-00-00 00:00:00', '0000-00-00 00:00:00'),
(463, 'Qstarz', 1, NULL, '0000-00-00 00:00:00', '0000-00-00 00:00:00'),
(464, 'Quancom', 1, NULL, '0000-00-00 00:00:00', '0000-00-00 00:00:00'),
(465, 'Rabeneick', 1, NULL, '0000-00-00 00:00:00', '0000-00-00 00:00:00'),
(466, 'Radon', 1, NULL, '0000-00-00 00:00:00', '0000-00-00 00:00:00'),
(467, 'Rainbow', 1, NULL, '0000-00-00 00:00:00', '0000-00-00 00:00:00'),
(468, 'Raleigh', 1, NULL, '0000-00-00 00:00:00', '0000-00-00 00:00:00'),
(469, 're-fuel', 1, NULL, '0000-00-00 00:00:00', '0000-00-00 00:00:00'),
(470, 'RECOM', 1, NULL, '0000-00-00 00:00:00', '0000-00-00 00:00:00'),
(471, 'Red Cycling Products', 1, NULL, '0000-00-00 00:00:00', '0000-00-00 00:00:00'),
(472, 'REED Electronics', 1, NULL, '0000-00-00 00:00:00', '0000-00-00 00:00:00'),
(473, 'Reflecta', 1, NULL, '0000-00-00 00:00:00', '0000-00-00 00:00:00'),
(474, 'Regiolux', 1, NULL, '0000-00-00 00:00:00', '0000-00-00 00:00:00'),
(475, 'Remington', 1, NULL, '0000-00-00 00:00:00', '0000-00-00 00:00:00'),
(476, 'Revell', 1, NULL, '0000-00-00 00:00:00', '0000-00-00 00:00:00'),
(477, 'Revo', 1, NULL, '0000-00-00 00:00:00', '0000-00-00 00:00:00'),
(478, 'Rewitec', 1, NULL, '0000-00-00 00:00:00', '0000-00-00 00:00:00'),
(479, 'Rex/Alu-Rex', 1, NULL, '0000-00-00 00:00:00', '0000-00-00 00:00:00'),
(480, 'Rexroth by Bosch Group', 1, NULL, '0000-00-00 00:00:00', '0000-00-00 00:00:00'),
(481, 'Ripmax', 1, NULL, '0000-00-00 00:00:00', '0000-00-00 00:00:00'),
(482, 'Ritel', 1, NULL, '0000-00-00 00:00:00', '0000-00-00 00:00:00'),
(483, 'Rixe', 1, NULL, '0000-00-00 00:00:00', '0000-00-00 00:00:00'),
(484, 'Rohde', 1, NULL, '0000-00-00 00:00:00', '0000-00-00 00:00:00'),
(485, 'Rohde & Schwarz', 1, NULL, '0000-00-00 00:00:00', '0000-00-00 00:00:00'),
(486, 'Roland', 1, NULL, '0000-00-00 00:00:00', '0000-00-00 00:00:00'),
(487, 'Rolec', 1, NULL, '0000-00-00 00:00:00', '0000-00-00 00:00:00'),
(488, 'Rolektro', 1, NULL, '0000-00-00 00:00:00', '0000-00-00 00:00:00'),
(489, 'Rollei', 1, NULL, '0000-00-00 00:00:00', '0000-00-00 00:00:00'),
(490, 'Rolux', 1, NULL, '0000-00-00 00:00:00', '0000-00-00 00:00:00'),
(491, 'Rose', 1, NULL, '0000-00-00 00:00:00', '0000-00-00 00:00:00'),
(492, 'Ross-Tech', 1, NULL, '0000-00-00 00:00:00', '0000-00-00 00:00:00'),
(493, 'Rotring', 1, NULL, '0000-00-00 00:00:00', '0000-00-00 00:00:00'),
(494, 'Rowenta', 1, NULL, '0000-00-00 00:00:00', '0000-00-00 00:00:00'),
(495, 'Rowenta', 1, NULL, '0000-00-00 00:00:00', '0000-00-00 00:00:00'),
(496, 'Rowi', 1, NULL, '0000-00-00 00:00:00', '0000-00-00 00:00:00'),
(497, 'Roxio', 1, NULL, '0000-00-00 00:00:00', '0000-00-00 00:00:00'),
(498, 'ROXXY', 1, NULL, '0000-00-00 00:00:00', '0000-00-00 00:00:00'),
(499, 'RunCam', 1, NULL, '0000-00-00 00:00:00', '0000-00-00 00:00:00'),
(500, 'Russell Hobbs', 1, NULL, '0000-00-00 00:00:00', '0000-00-00 00:00:00'),
(501, 'Saeco', 1, NULL, '0000-00-00 00:00:00', '0000-00-00 00:00:00'),
(502, 'Safescan', 1, NULL, '0000-00-00 00:00:00', '0000-00-00 00:00:00'),
(503, 'SafeSight', 1, NULL, '0000-00-00 00:00:00', '0000-00-00 00:00:00'),
(504, 'Sagem', 1, NULL, '0000-00-00 00:00:00', '0000-00-00 00:00:00'),
(505, 'Saia', 1, NULL, '0000-00-00 00:00:00', '0000-00-00 00:00:00'),
(506, 'Saico', 1, NULL, '0000-00-00 00:00:00', '0000-00-00 00:00:00'),
(507, 'Samsung', 1, NULL, '0000-00-00 00:00:00', '0000-00-00 00:00:00'),
(508, 'Samwha', 1, NULL, '0000-00-00 00:00:00', '0000-00-00 00:00:00'),
(509, 'Samxon', 1, NULL, '0000-00-00 00:00:00', '0000-00-00 00:00:00'),
(510, 'Samyang', 1, NULL, '0000-00-00 00:00:00', '0000-00-00 00:00:00'),
(511, 'Sandgest Microelectronics', 1, NULL, '0000-00-00 00:00:00', '0000-00-00 00:00:00'),
(512, 'SanDisk', 1, NULL, '0000-00-00 00:00:00', '0000-00-00 00:00:00'),
(513, 'Santa Cruz', 1, NULL, '0000-00-00 00:00:00', '0000-00-00 00:00:00'),
(514, 'Sanwa', 1, NULL, '0000-00-00 00:00:00', '0000-00-00 00:00:00'),
(515, 'Sanyo', 1, NULL, '0000-00-00 00:00:00', '0000-00-00 00:00:00'),
(516, 'Sapphire', 1, NULL, '0000-00-00 00:00:00', '0000-00-00 00:00:00'),
(517, 'Sauter', 1, NULL, '0000-00-00 00:00:00', '0000-00-00 00:00:00'),
(518, 'SCAN in a BOX', 1, NULL, '0000-00-00 00:00:00', '0000-00-00 00:00:00'),
(519, 'ScanPart', 1, NULL, '0000-00-00 00:00:00', '0000-00-00 00:00:00'),
(520, 'Scansonic', 1, NULL, '0000-00-00 00:00:00', '0000-00-00 00:00:00'),
(521, 'Schneider', 1, NULL, '0000-00-00 00:00:00', '0000-00-00 00:00:00'),
(522, 'Schwalbe', 1, NULL, '0000-00-00 00:00:00', '0000-00-00 00:00:00'),
(523, 'Schwinn', 1, NULL, '0000-00-00 00:00:00', '0000-00-00 00:00:00'),
(524, 'Sebo', 1, NULL, '0000-00-00 00:00:00', '0000-00-00 00:00:00'),
(525, 'Secure', 1, NULL, '0000-00-00 00:00:00', '0000-00-00 00:00:00'),
(526, 'Security Plus', 1, NULL, '0000-00-00 00:00:00', '0000-00-00 00:00:00'),
(527, 'SecuTech', 1, NULL, '0000-00-00 00:00:00', '0000-00-00 00:00:00'),
(528, 'SellNet', 1, NULL, '0000-00-00 00:00:00', '0000-00-00 00:00:00'),
(529, 'Sencor', 1, NULL, '0000-00-00 00:00:00', '0000-00-00 00:00:00'),
(530, 'Sennheiser', 1, NULL, '0000-00-00 00:00:00', '0000-00-00 00:00:00'),
(531, 'SENSEO®', 1, NULL, '0000-00-00 00:00:00', '0000-00-00 00:00:00'),
(532, 'Severin', 1, NULL, '0000-00-00 00:00:00', '0000-00-00 00:00:00'),
(533, 'Sharp', 1, NULL, '0000-00-00 00:00:00', '0000-00-00 00:00:00'),
(534, 'Shift Phone', 1, NULL, '0000-00-00 00:00:00', '0000-00-00 00:00:00'),
(535, 'Sichler', 1, NULL, '0000-00-00 00:00:00', '0000-00-00 00:00:00'),
(536, 'Siemens', 1, NULL, '0000-00-00 00:00:00', '0000-00-00 00:00:00'),
(537, 'Sievert', 1, NULL, '0000-00-00 00:00:00', '0000-00-00 00:00:00'),
(538, 'Sigma', 1, NULL, '0000-00-00 00:00:00', '0000-00-00 00:00:00'),
(539, 'Sihl', 1, NULL, '0000-00-00 00:00:00', '0000-00-00 00:00:00'),
(540, 'SIKU', 1, NULL, '0000-00-00 00:00:00', '0000-00-00 00:00:00'),
(541, 'Silex Technology', 1, NULL, '0000-00-00 00:00:00', '0000-00-00 00:00:00'),
(542, 'Simba', 1, NULL, '0000-00-00 00:00:00', '0000-00-00 00:00:00'),
(543, 'Simba', 1, NULL, '0000-00-00 00:00:00', '0000-00-00 00:00:00'),
(544, 'Simtoo', 1, NULL, '0000-00-00 00:00:00', '0000-00-00 00:00:00'),
(545, 'Singer', 1, NULL, '0000-00-00 00:00:00', '0000-00-00 00:00:00'),
(546, 'Sinuslive', 1, NULL, '0000-00-00 00:00:00', '0000-00-00 00:00:00'),
(547, 'Sinustec', 1, NULL, '0000-00-00 00:00:00', '0000-00-00 00:00:00'),
(548, 'Sitec', 1, NULL, '0000-00-00 00:00:00', '0000-00-00 00:00:00'),
(549, 'SJCam', 1, NULL, '0000-00-00 00:00:00', '0000-00-00 00:00:00'),
(550, 'SKS Germany', 1, NULL, '0000-00-00 00:00:00', '0000-00-00 00:00:00'),
(551, 'SKS Hirschmann', 1, NULL, '0000-00-00 00:00:00', '0000-00-00 00:00:00'),
(552, 'Sky Vision', 1, NULL, '0000-00-00 00:00:00', '0000-00-00 00:00:00'),
(553, 'Skymaster', 1, NULL, '0000-00-00 00:00:00', '0000-00-00 00:00:00'),
(554, 'Skyworth', 1, NULL, '0000-00-00 00:00:00', '0000-00-00 00:00:00'),
(555, 'Skyworth', 1, NULL, '0000-00-00 00:00:00', '0000-00-00 00:00:00'),
(556, 'SNOM', 1, NULL, '0000-00-00 00:00:00', '0000-00-00 00:00:00'),
(557, 'Sodastream', 1, NULL, '0000-00-00 00:00:00', '0000-00-00 00:00:00'),
(558, 'Sonos', 1, NULL, '0000-00-00 00:00:00', '0000-00-00 00:00:00'),
(559, 'Sontec', 1, NULL, '0000-00-00 00:00:00', '0000-00-00 00:00:00'),
(560, 'Sony', 1, NULL, '0000-00-00 00:00:00', '0000-00-00 00:00:00'),
(561, 'SOS Electronic', 1, NULL, '0000-00-00 00:00:00', '0000-00-00 00:00:00'),
(562, 'SoundCraft', 1, NULL, '0000-00-00 00:00:00', '0000-00-00 00:00:00'),
(563, 'SoundMaster', 1, NULL, '0000-00-00 00:00:00', '0000-00-00 00:00:00'),
(564, 'Speed-Link', 1, NULL, '0000-00-00 00:00:00', '0000-00-00 00:00:00'),
(565, 'Sprintus', 1, NULL, '0000-00-00 00:00:00', '0000-00-00 00:00:00'),
(566, 'StandexMeder Electronics', 1, NULL, '0000-00-00 00:00:00', '0000-00-00 00:00:00'),
(567, 'Starmix', 1, NULL, '0000-00-00 00:00:00', '0000-00-00 00:00:00'),
(568, 'Steppenwolf', 1, NULL, '0000-00-00 00:00:00', '0000-00-00 00:00:00'),
(569, 'Superlux', 1, NULL, '0000-00-00 00:00:00', '0000-00-00 00:00:00'),
(570, 'swisstone', 1, NULL, '0000-00-00 00:00:00', '0000-00-00 00:00:00'),
(571, 'Sylvania', 1, NULL, '0000-00-00 00:00:00', '0000-00-00 00:00:00'),
(572, 'Symantec', 1, NULL, '0000-00-00 00:00:00', '0000-00-00 00:00:00'),
(573, 'Synergetic', 1, NULL, '0000-00-00 00:00:00', '0000-00-00 00:00:00'),
(574, 'SYNERGY 21', 1, NULL, '0000-00-00 00:00:00', '0000-00-00 00:00:00'),
(575, 'Syntrox', 1, NULL, '0000-00-00 00:00:00', '0000-00-00 00:00:00'),
(576, 'Tadiran Batteries', 1, NULL, '0000-00-00 00:00:00', '0000-00-00 00:00:00'),
(577, 'Taiwan Semiconductor', 1, NULL, '0000-00-00 00:00:00', '0000-00-00 00:00:00'),
(578, 'Talema', 1, NULL, '0000-00-00 00:00:00', '0000-00-00 00:00:00'),
(579, 'TAMA', 1, NULL, '0000-00-00 00:00:00', '0000-00-00 00:00:00'),
(580, 'Tchibo', 1, NULL, '0000-00-00 00:00:00', '0000-00-00 00:00:00'),
(581, 'TCL', 1, NULL, '0000-00-00 00:00:00', '0000-00-00 00:00:00'),
(582, 'TE Connectivity', 1, NULL, '0000-00-00 00:00:00', '0000-00-00 00:00:00'),
(583, 'Team Electronic', 1, NULL, '0000-00-00 00:00:00', '0000-00-00 00:00:00'),
(584, 'Tech-Craft', 1, NULL, '0000-00-00 00:00:00', '0000-00-00 00:00:00'),
(585, 'Tecnobike', 1, NULL, '0000-00-00 00:00:00', '0000-00-00 00:00:00'),
(586, 'Telecom', 1, NULL, '0000-00-00 00:00:00', '0000-00-00 00:00:00'),
(587, 'Telefunken', 1, NULL, '0000-00-00 00:00:00', '0000-00-00 00:00:00'),
(588, 'TermaTech', 1, NULL, '0000-00-00 00:00:00', '0000-00-00 00:00:00'),
(589, 'Tewa Electronics', 1, NULL, '0000-00-00 00:00:00', '0000-00-00 00:00:00'),
(590, 'Theo Klein', 1, NULL, '0000-00-00 00:00:00', '0000-00-00 00:00:00'),
(591, 'Thomas', 1, NULL, '0000-00-00 00:00:00', '0000-00-00 00:00:00'),
(592, 'Thomson', 1, NULL, '0000-00-00 00:00:00', '0000-00-00 00:00:00'),
(593, 'Thule', 1, NULL, '0000-00-00 00:00:00', '0000-00-00 00:00:00'),
(594, 'TomTom', 1, NULL, '0000-00-00 00:00:00', '0000-00-00 00:00:00'),
(595, 'TOOLCRAFT', 1, NULL, '0000-00-00 00:00:00', '0000-00-00 00:00:00'),
(596, 'Topcom', 1, NULL, '0000-00-00 00:00:00', '0000-00-00 00:00:00'),
(597, 'Topstar', 1, NULL, '0000-00-00 00:00:00', '0000-00-00 00:00:00'),
(598, 'Torpedo', 1, NULL, '0000-00-00 00:00:00', '0000-00-00 00:00:00'),
(599, 'Toshiba', 1, NULL, '0000-00-00 00:00:00', '0000-00-00 00:00:00'),
(600, 'Total Control', 1, NULL, '0000-00-00 00:00:00', '0000-00-00 00:00:00'),
(601, 'Toyota Nähmaschinen', 1, NULL, '0000-00-00 00:00:00', '0000-00-00 00:00:00'),
(602, 'Transcend', 1, NULL, '0000-00-00 00:00:00', '0000-00-00 00:00:00'),
(603, 'Treemme', 1, NULL, '0000-00-00 00:00:00', '0000-00-00 00:00:00'),
(604, 'Trinamic', 1, NULL, '0000-00-00 00:00:00', '0000-00-00 00:00:00'),
(605, 'Tristar', 1, NULL, '0000-00-00 00:00:00', '0000-00-00 00:00:00'),
(606, 'Triumph', 1, NULL, '0000-00-00 00:00:00', '0000-00-00 00:00:00'),
(607, 'Triumph Adler', 1, NULL, '0000-00-00 00:00:00', '0000-00-00 00:00:00'),
(608, 'TRIX', 1, NULL, '0000-00-00 00:00:00', '0000-00-00 00:00:00'),
(609, 'TRL Funksysteme', 1, NULL, '0000-00-00 00:00:00', '0000-00-00 00:00:00'),
(610, 'Trodat', 1, NULL, '0000-00-00 00:00:00', '0000-00-00 00:00:00'),
(611, 'Tronje', 1, NULL, '0000-00-00 00:00:00', '0000-00-00 00:00:00'),
(612, 'TRU COMPONENTS', 1, NULL, '0000-00-00 00:00:00', '0000-00-00 00:00:00'),
(613, 'TrueCam', 1, NULL, '0000-00-00 00:00:00', '0000-00-00 00:00:00'),
(614, 'Trxcom', 1, NULL, '0000-00-00 00:00:00', '0000-00-00 00:00:00'),
(615, 'TT Electronics AB', 1, NULL, '0000-00-00 00:00:00', '0000-00-00 00:00:00'),
(616, 'Tucano', 1, NULL, '0000-00-00 00:00:00', '0000-00-00 00:00:00'),
(617, 'Tukan', 1, NULL, '0000-00-00 00:00:00', '0000-00-00 00:00:00'),
(618, 'Turtle Beach', 1, NULL, '0000-00-00 00:00:00', '0000-00-00 00:00:00'),
(619, 'Twelve South', 1, NULL, '0000-00-00 00:00:00', '0000-00-00 00:00:00'),
(620, 'Twen', 1, NULL, '0000-00-00 00:00:00', '0000-00-00 00:00:00'),
(621, 'Twentieth Century Fox', 1, NULL, '0000-00-00 00:00:00', '0000-00-00 00:00:00'),
(622, 'Typhoon', 1, NULL, '0000-00-00 00:00:00', '0000-00-00 00:00:00'),
(623, 'U & I Entertainment', 1, NULL, '0000-00-00 00:00:00', '0000-00-00 00:00:00'),
(624, 'UbiSoft', 1, NULL, '0000-00-00 00:00:00', '0000-00-00 00:00:00'),
(625, 'Ubtech', 1, NULL, '0000-00-00 00:00:00', '0000-00-00 00:00:00'),
(626, 'UE ultimate ears', 1, NULL, '0000-00-00 00:00:00', '0000-00-00 00:00:00'),
(627, 'UHU', 1, NULL, '0000-00-00 00:00:00', '0000-00-00 00:00:00'),
(628, 'Ultimaker', 1, NULL, '0000-00-00 00:00:00', '0000-00-00 00:00:00'),
(629, 'Ultralife', 1, NULL, '0000-00-00 00:00:00', '0000-00-00 00:00:00'),
(630, 'Ultron', 1, NULL, '0000-00-00 00:00:00', '0000-00-00 00:00:00'),
(631, 'Union', 1, NULL, '0000-00-00 00:00:00', '0000-00-00 00:00:00'),
(632, 'Unit', 1, NULL, '0000-00-00 00:00:00', '0000-00-00 00:00:00'),
(633, 'Unitec', 1, NULL, '0000-00-00 00:00:00', '0000-00-00 00:00:00'),
(634, 'Univega', 1, NULL, '0000-00-00 00:00:00', '0000-00-00 00:00:00'),
(635, 'Univer', 1, NULL, '0000-00-00 00:00:00', '0000-00-00 00:00:00'),
(636, 'Universal Pictures', 1, NULL, '0000-00-00 00:00:00', '0000-00-00 00:00:00'),
(637, 'Universum', 1, NULL, '0000-00-00 00:00:00', '0000-00-00 00:00:00'),
(638, 'Vantage', 1, NULL, '0000-00-00 00:00:00', '0000-00-00 00:00:00'),
(639, 'Vantage Foto', 1, NULL, '0000-00-00 00:00:00', '0000-00-00 00:00:00'),
(640, 'VARIOfit', 1, NULL, '0000-00-00 00:00:00', '0000-00-00 00:00:00'),
(641, 'Variox', 1, NULL, '0000-00-00 00:00:00', '0000-00-00 00:00:00'),
(642, 'Varo', 1, NULL, '0000-00-00 00:00:00', '0000-00-00 00:00:00'),
(643, 'Varta', 1, NULL, '0000-00-00 00:00:00', '0000-00-00 00:00:00'),
(644, 'Vax', 1, NULL, '0000-00-00 00:00:00', '0000-00-00 00:00:00'),
(645, 'VELCRO® brand', 1, NULL, '0000-00-00 00:00:00', '0000-00-00 00:00:00'),
(646, 'Vélo de Ville', 1, NULL, '0000-00-00 00:00:00', '0000-00-00 00:00:00'),
(647, 'Veloflex', 1, NULL, '0000-00-00 00:00:00', '0000-00-00 00:00:00'),
(648, 'Verbatim', 1, NULL, '0000-00-00 00:00:00', '0000-00-00 00:00:00'),
(649, 'Victoria', 1, NULL, '0000-00-00 00:00:00', '0000-00-00 00:00:00'),
(650, 'Viewsonic', 1, NULL, '0000-00-00 00:00:00', '0000-00-00 00:00:00'),
(651, 'Viking Tech', 1, NULL, '0000-00-00 00:00:00', '0000-00-00 00:00:00'),
(652, 'Vileda', 1, NULL, '0000-00-00 00:00:00', '0000-00-00 00:00:00'),
(653, 'Vileda', 1, NULL, '0000-00-00 00:00:00', '0000-00-00 00:00:00'),
(654, 'Villiger', 1, NULL, '0000-00-00 00:00:00', '0000-00-00 00:00:00'),
(655, 'VINATech', 1, NULL, '0000-00-00 00:00:00', '0000-00-00 00:00:00'),
(656, 'Viron', 1, NULL, '0000-00-00 00:00:00', '0000-00-00 00:00:00'),
(657, 'Vision', 1, NULL, '0000-00-00 00:00:00', '0000-00-00 00:00:00'),
(658, 'VISO', 1, NULL, '0000-00-00 00:00:00', '0000-00-00 00:00:00'),
(659, 'Visolight', 1, NULL, '0000-00-00 00:00:00', '0000-00-00 00:00:00'),
(660, 'Vodafone', 1, NULL, '0000-00-00 00:00:00', '0000-00-00 00:00:00'),
(661, 'Vogt Verbindungstechnik', 1, NULL, '0000-00-00 00:00:00', '0000-00-00 00:00:00'),
(662, 'VOKA Kabelwerk', 1, NULL, '0000-00-00 00:00:00', '0000-00-00 00:00:00'),
(663, 'Vollmer', 1, NULL, '0000-00-00 00:00:00', '0000-00-00 00:00:00'),
(664, 'VOLTCRAFT', 1, NULL, '0000-00-00 00:00:00', '0000-00-00 00:00:00'),
(665, 'Vorwerk', 1, NULL, '0000-00-00 00:00:00', '0000-00-00 00:00:00'),
(666, 'Votec', 1, NULL, '0000-00-00 00:00:00', '0000-00-00 00:00:00'),
(667, 'Votex', 1, NULL, '0000-00-00 00:00:00', '0000-00-00 00:00:00'),
(668, 'VOX Amplification', 1, NULL, '0000-00-00 00:00:00', '0000-00-00 00:00:00'),
(669, 'vsf Fahrradmanufaktur', 1, NULL, '0000-00-00 00:00:00', '0000-00-00 00:00:00'),
(670, 'VTech', 1, NULL, '0000-00-00 00:00:00', '0000-00-00 00:00:00'),
(671, 'Vulcascot', 1, NULL, '0000-00-00 00:00:00', '0000-00-00 00:00:00'),
(672, 'W & P Products', 1, NULL, '0000-00-00 00:00:00', '0000-00-00 00:00:00'),
(673, 'Wacom', 1, NULL, '0000-00-00 00:00:00', '0000-00-00 00:00:00'),
(674, 'Waeco', 1, NULL, '0000-00-00 00:00:00', '0000-00-00 00:00:00'),
(675, 'Wagner', 1, NULL, '0000-00-00 00:00:00', '0000-00-00 00:00:00'),
(676, 'WAGO', 1, NULL, '0000-00-00 00:00:00', '0000-00-00 00:00:00'),
(677, 'Waldi Leuchten', 1, NULL, '0000-00-00 00:00:00', '0000-00-00 00:00:00'),
(678, 'Walter Werkzeuge', 1, NULL, '0000-00-00 00:00:00', '0000-00-00 00:00:00'),
(679, 'Walther', 1, NULL, '0000-00-00 00:00:00', '0000-00-00 00:00:00'),
(680, 'Wanderer', 1, NULL, '0000-00-00 00:00:00', '0000-00-00 00:00:00'),
(681, 'wantec', 1, NULL, '0000-00-00 00:00:00', '0000-00-00 00:00:00'),
(682, 'Warner Bros', 1, NULL, '0000-00-00 00:00:00', '0000-00-00 00:00:00'),
(683, 'Wassermaxx', 1, NULL, '0000-00-00 00:00:00', '0000-00-00 00:00:00'),
(684, 'Weber Hydraulik', 1, NULL, '0000-00-00 00:00:00', '0000-00-00 00:00:00'),
(685, 'WeEn Semiconductors', 1, NULL, '0000-00-00 00:00:00', '0000-00-00 00:00:00'),
(686, 'WEICON', 1, NULL, '0000-00-00 00:00:00', '0000-00-00 00:00:00'),
(687, 'Weipu', 1, NULL, '0000-00-00 00:00:00', '0000-00-00 00:00:00'),
(688, 'Weiss Elektrotechnik', 1, NULL, '0000-00-00 00:00:00', '0000-00-00 00:00:00'),
(689, 'Weller', 1, NULL, '0000-00-00 00:00:00', '0000-00-00 00:00:00'),
(690, 'Wellgo', 1, NULL, '0000-00-00 00:00:00', '0000-00-00 00:00:00'),
(691, 'Werma Signaltechnik', 1, NULL, '0000-00-00 00:00:00', '0000-00-00 00:00:00'),
(692, 'Western Co.', 1, NULL, '0000-00-00 00:00:00', '0000-00-00 00:00:00'),
(693, 'Western Digital', 1, NULL, '0000-00-00 00:00:00', '0000-00-00 00:00:00');
INSERT INTO `brands` (`id`, `name`, `status`, `owner`, `created`, `modified`) VALUES
(694, 'Westfalia', 1, NULL, '0000-00-00 00:00:00', '0000-00-00 00:00:00'),
(695, 'Wheel Stand Pro', 1, NULL, '0000-00-00 00:00:00', '0000-00-00 00:00:00'),
(696, 'Widap', 1, NULL, '0000-00-00 00:00:00', '0000-00-00 00:00:00'),
(697, 'Wieland', 1, NULL, '0000-00-00 00:00:00', '0000-00-00 00:00:00'),
(698, 'Wiha', 1, NULL, '0000-00-00 00:00:00', '0000-00-00 00:00:00'),
(699, 'Wiking', 1, NULL, '0000-00-00 00:00:00', '0000-00-00 00:00:00'),
(700, 'WIKO', 1, NULL, '0000-00-00 00:00:00', '0000-00-00 00:00:00'),
(701, 'Wilesco', 1, NULL, '0000-00-00 00:00:00', '0000-00-00 00:00:00'),
(702, 'Winora', 1, NULL, '0000-00-00 00:00:00', '0000-00-00 00:00:00'),
(703, 'WinTec', 1, NULL, '0000-00-00 00:00:00', '0000-00-00 00:00:00'),
(704, 'Wiper', 1, NULL, '0000-00-00 00:00:00', '0000-00-00 00:00:00'),
(705, 'Witte Werkzeug', 1, NULL, '0000-00-00 00:00:00', '0000-00-00 00:00:00'),
(706, 'Wittenberg Antennen', 1, NULL, '0000-00-00 00:00:00', '0000-00-00 00:00:00'),
(707, 'WiZ', 1, NULL, '0000-00-00 00:00:00', '0000-00-00 00:00:00'),
(708, 'WKK', 1, NULL, '0000-00-00 00:00:00', '0000-00-00 00:00:00'),
(709, 'WMF', 1, NULL, '0000-00-00 00:00:00', '0000-00-00 00:00:00'),
(710, 'Working Robots', 1, NULL, '0000-00-00 00:00:00', '0000-00-00 00:00:00'),
(711, 'Würth Elektronik', 1, NULL, '0000-00-00 00:00:00', '0000-00-00 00:00:00'),
(712, 'WWiO', 1, NULL, '0000-00-00 00:00:00', '0000-00-00 00:00:00'),
(713, 'XCell', 1, NULL, '0000-00-00 00:00:00', '0000-00-00 00:00:00'),
(714, 'Xerox', 1, NULL, '0000-00-00 00:00:00', '0000-00-00 00:00:00'),
(715, 'XtremeMAC', 1, NULL, '0000-00-00 00:00:00', '0000-00-00 00:00:00'),
(716, 'Xvantage', 1, NULL, '0000-00-00 00:00:00', '0000-00-00 00:00:00'),
(717, 'XXL Tech', 1, NULL, '0000-00-00 00:00:00', '0000-00-00 00:00:00'),
(718, 'XYZprinting', 1, NULL, '0000-00-00 00:00:00', '0000-00-00 00:00:00'),
(719, 'Y-Cam', 1, NULL, '0000-00-00 00:00:00', '0000-00-00 00:00:00'),
(720, 'Yageo', 1, NULL, '0000-00-00 00:00:00', '0000-00-00 00:00:00'),
(721, 'Yamaha', 1, NULL, '0000-00-00 00:00:00', '0000-00-00 00:00:00'),
(722, 'Yamaichi', 1, NULL, '0000-00-00 00:00:00', '0000-00-00 00:00:00'),
(723, 'Yazoo', 1, NULL, '0000-00-00 00:00:00', '0000-00-00 00:00:00'),
(724, 'Yolk', 1, NULL, '0000-00-00 00:00:00', '0000-00-00 00:00:00'),
(725, 'Yuasa', 1, NULL, '0000-00-00 00:00:00', '0000-00-00 00:00:00'),
(726, 'Yukon', 1, NULL, '0000-00-00 00:00:00', '0000-00-00 00:00:00'),
(727, 'Yuneec', 1, NULL, '0000-00-00 00:00:00', '0000-00-00 00:00:00'),
(728, 'Yunpen', 1, NULL, '0000-00-00 00:00:00', '0000-00-00 00:00:00'),
(729, 'Z-Wave ME', 1, NULL, '0000-00-00 00:00:00', '0000-00-00 00:00:00'),
(730, 'Zaap TV', 1, NULL, '0000-00-00 00:00:00', '0000-00-00 00:00:00'),
(731, 'ZAGG', 1, NULL, '0000-00-00 00:00:00', '0000-00-00 00:00:00'),
(732, 'Zamel', 1, NULL, '0000-00-00 00:00:00', '0000-00-00 00:00:00'),
(733, 'Zanders', 1, NULL, '0000-00-00 00:00:00', '0000-00-00 00:00:00'),
(734, 'Zanussi', 1, NULL, '0000-00-00 00:00:00', '0000-00-00 00:00:00'),
(735, 'ZARGES', 1, NULL, '0000-00-00 00:00:00', '0000-00-00 00:00:00'),
(736, 'Zeiss', 1, NULL, '0000-00-00 00:00:00', '0000-00-00 00:00:00'),
(737, 'Zemo', 1, NULL, '0000-00-00 00:00:00', '0000-00-00 00:00:00'),
(738, 'ZeroTech', 1, NULL, '0000-00-00 00:00:00', '0000-00-00 00:00:00'),
(739, 'Zetagi', 1, NULL, '0000-00-00 00:00:00', '0000-00-00 00:00:00'),
(740, 'Zettler', 1, NULL, '0000-00-00 00:00:00', '0000-00-00 00:00:00'),
(741, 'Zilan', 1, NULL, '0000-00-00 00:00:00', '0000-00-00 00:00:00'),
(742, 'ZTE', 1, NULL, '0000-00-00 00:00:00', '0000-00-00 00:00:00'),
(743, 'Zündapp', 1, NULL, '0000-00-00 00:00:00', '0000-00-00 00:00:00'),
(744, 'SEPPELFRICKE', 1, 1825, '2018-06-13 09:35:47', '0000-00-00 00:00:00'),
(745, 'Vestfrost', 1, 1825, '2018-06-13 09:36:13', '0000-00-00 00:00:00'),
(746, 'TECHWOOD', 1, 1825, '2018-06-13 09:36:42', '0000-00-00 00:00:00'),
(747, 'Termikel', 1, 1825, '2018-06-13 09:37:20', '0000-00-00 00:00:00'),
(748, 'Eudora', 1, 1825, '2018-06-13 09:37:38', '0000-00-00 00:00:00'),
(749, 'Whirlpool', 1, 1825, '2018-06-13 09:38:05', '0000-00-00 00:00:00'),
(750, 'EBD', 1, 1825, '2018-06-13 09:38:19', '0000-00-00 00:00:00'),
(751, 'SEG', 1, 1825, '2018-06-13 09:38:43', '0000-00-00 00:00:00'),
(752, 'Privileg', 1, 1825, '2018-06-13 09:38:58', '0000-00-00 00:00:00'),
(753, 'FORON', 1, 1825, '2018-06-13 09:39:13', '0000-00-00 00:00:00'),
(754, 'VESTEL', 1, 1825, '2018-06-13 09:39:29', '0000-00-00 00:00:00'),
(755, 'Baumatic', 1, 1825, '2018-06-13 09:39:45', '0000-00-00 00:00:00'),
(756, 'Luxor', 1, 1825, '2018-06-13 09:40:09', '0000-00-00 00:00:00'),
(757, 'Ignis', 1, 1825, '2018-06-13 09:40:26', '0000-00-00 00:00:00'),
(758, 'provenero', 1, 1825, '2018-06-13 09:40:45', '0000-00-00 00:00:00'),
(759, 'Marke OK', 1, 1825, '2018-06-13 09:41:10', '0000-00-00 00:00:00'),
(760, 'ELIN', 1, 1825, '2018-06-13 09:41:35', '0000-00-00 00:00:00'),
(761, 'Kelon/AMC', 1, 1825, '2018-06-13 09:41:54', '0000-00-00 00:00:00'),
(762, 'Lagermania', 1, 1825, '2018-06-13 09:42:11', '0000-00-00 00:00:00'),
(763, 'Burg', 1, 1825, '2018-06-13 09:42:26', '0000-00-00 00:00:00'),
(764, 'Ardo', 1, 1825, '2018-06-13 09:42:40', '0000-00-00 00:00:00'),
(765, 'Eurotech', 1, 1825, '2018-06-13 09:42:56', '0000-00-00 00:00:00'),
(766, 'Reebok', 1, 1825, '2018-06-13 09:43:13', '0000-00-00 00:00:00'),
(767, 'Respekta', 1, 1825, '2018-06-13 09:43:51', '0000-00-00 00:00:00'),
(768, 'Finlux', 1, 1825, '2018-06-13 09:44:11', '0000-00-00 00:00:00'),
(769, 'MIO STAR', 1, 1825, '2018-06-13 09:44:29', '0000-00-00 00:00:00'),
(770, 'La Germania', 1, 1825, '2018-06-13 09:44:49', '0000-00-00 00:00:00'),
(771, 'Playmobil', 1, 5455, '2018-06-18 11:07:17', '0000-00-00 00:00:00'),
(772, 'Bernina', 1, 11276, '2018-06-21 10:06:50', '0000-00-00 00:00:00'),
(773, 'Easy Home (ALDI)', 1, 11276, '2018-06-21 10:19:20', '0000-00-00 00:00:00'),
(774, 'Onkyo', 1, 9694, '2018-06-25 16:19:02', '0000-00-00 00:00:00'),
(775, 'auna', 1, 9471, '2018-07-06 17:10:48', '0000-00-00 00:00:00'),
(776, 'IFA', 1, 9471, '2018-07-06 19:35:46', '0000-00-00 00:00:00'),
(778, 'TEXTIMA', 1, 14475, '2018-07-12 14:06:43', '0000-00-00 00:00:00'),
(779, 'Moulinex', 1, 14795, '2018-09-24 10:11:01', '0000-00-00 00:00:00'),
(780, 'Tevion', 1, 2519, '2018-09-27 20:12:01', '0000-00-00 00:00:00'),
(782, 'Homebase', 1, 2519, '2018-09-27 20:36:31', '0000-00-00 00:00:00'),
(783, 'Merlin', 1, 2519, '2018-09-27 20:47:06', '0000-00-00 00:00:00'),
(784, 'Denver', 1, 2519, '2018-09-27 20:50:05', '0000-00-00 00:00:00'),
(785, 'Saba', 1, 2519, '2018-09-27 21:06:45', '0000-00-00 00:00:00'),
(787, 'Kendo', 1, 2519, '2018-09-27 21:12:16', '0000-00-00 00:00:00'),
(788, 'Hit Company', 1, 2519, '2018-09-27 21:23:21', '0000-00-00 00:00:00'),
(789, 'Oskar', 1, 2519, '2018-09-27 21:34:20', '0000-00-00 00:00:00'),
(790, 'Watson', 1, 2519, '2018-09-27 21:35:36', '0000-00-00 00:00:00'),
(791, 'Gudereit', 1, 2519, '2018-09-27 21:43:18', '0000-00-00 00:00:00'),
(793, 'Comair', 1, 1825, '2018-10-01 08:42:49', '0000-00-00 00:00:00'),
(794, 'Fender', 1, 15485, '2018-10-12 12:38:05', '0000-00-00 00:00:00'),
(795, 'Dual', 1, 14795, '2018-10-29 12:20:42', '0000-00-00 00:00:00'),
(797, 'Kress', 1, 2710, '2018-11-01 18:15:18', '0000-00-00 00:00:00'),
(798, 'Quigg', 1, 2710, '2018-11-01 18:17:05', '0000-00-00 00:00:00'),
(799, 'ITT', 1, 2710, '2018-11-07 19:35:13', '0000-00-00 00:00:00'),
(801, 'Archos', 1, 2710, '2018-11-07 19:40:17', '0000-00-00 00:00:00'),
(802, 'RFT', 1, 2710, '2018-11-07 19:49:26', '0000-00-00 00:00:00'),
(803, 'Rommelsbacher', 1, 2710, '2018-11-07 19:51:35', '0000-00-00 00:00:00'),
(804, 'Ulm Series', 1, 2710, '2018-11-07 20:10:53', '0000-00-00 00:00:00'),
(806, 'REV', 1, 2710, '2018-11-07 20:16:49', '0000-00-00 00:00:00'),
(807, 'florabest', 1, 2710, '2018-11-07 20:18:38', '0000-00-00 00:00:00'),
(808, 'Muvid', 1, 2710, '2018-11-07 20:32:03', '0000-00-00 00:00:00'),
(809, 'H&M', 1, 2710, '2018-11-08 18:58:17', '0000-00-00 00:00:00'),
(810, 'Tranquillo', 1, 2710, '2018-11-08 18:59:12', '0000-00-00 00:00:00'),
(811, 'Smalcalda', 1, 1825, '2018-11-12 09:10:35', '0000-00-00 00:00:00'),
(812, 'AKA', 1, 2710, '2018-11-13 19:46:11', '0000-00-00 00:00:00'),
(813, 'Stern', 1, 2710, '2018-11-13 19:49:05', '0000-00-00 00:00:00'),
(816, 'TEAC', 1, 3933, '2018-11-19 17:38:31', '0000-00-00 00:00:00'),
(817, 'Manufactum', 1, 3933, '2018-11-19 17:48:23', '0000-00-00 00:00:00'),
(818, 'Magazin', 1, 3933, '2018-11-19 17:52:40', '0000-00-00 00:00:00'),
(819, 'Nespresso', 1, 3933, '2018-11-19 17:57:13', '0000-00-00 00:00:00'),
(820, 'Dickie', 1, 1825, '2018-11-20 12:59:31', '0000-00-00 00:00:00'),
(825, 'MIFA', 1, 2710, '2018-12-11 20:23:11', '0000-00-00 00:00:00'),
(826, 'iPoint', 1, 2710, '2018-12-11 20:25:09', '0000-00-00 00:00:00'),
(828, 'Teufel', 1, 2710, '2018-12-11 20:32:28', '0000-00-00 00:00:00'),
(829, 'Steelseries', 1, 2710, '2018-12-11 20:55:38', '0000-00-00 00:00:00'),
(830, 'Bose', 1, 2710, '2018-12-11 20:56:43', '0000-00-00 00:00:00'),
(831, 'Tesco', 1, 2710, '2018-12-11 20:58:26', '0000-00-00 00:00:00'),
(833, 'Multimax', 1, 2710, '2018-12-12 13:53:03', '0000-00-00 00:00:00'),
(835, 'Klarstein', 1, 2710, '2018-12-12 14:15:41', '0000-00-00 00:00:00'),
(836, 'Ravensburger', 1, 2710, '2018-12-12 14:25:47', '0000-00-00 00:00:00'),
(838, 'IKEA', 1, 2710, '2018-12-12 14:33:19', '0000-00-00 00:00:00'),
(839, 'JBL', 1, 2710, '2018-12-12 16:52:41', '0000-00-00 00:00:00'),
(840, 'AKG', 1, 2710, '2018-12-18 20:05:33', '0000-00-00 00:00:00'),
(841, 'Vossloh', 1, 2710, '2018-12-18 20:29:00', '0000-00-00 00:00:00'),
(843, 'Levi\'s', 1, 2710, '2018-12-20 19:09:54', '2019-01-14 09:09:05'),
(844, 'Gastroback', 1, 6526, '2019-01-11 20:45:32', '2019-01-14 09:09:18'),
(845, 'test', -1, 1825, '2019-01-15 14:47:19', '2019-01-15 14:47:38'),
(846, 'On Night', -1, 2710, '2019-01-27 11:47:07', '2019-01-28 09:59:38'),
(847, 'Ziphona', 1, 2710, '2019-01-27 11:52:00', '2019-01-28 09:59:17'),
(848, 'Faktio', -1, 2710, '2019-01-27 11:57:37', '2019-01-28 09:59:02'),
(849, 'Deuter', 1, 2710, '2019-01-27 12:06:25', '2019-01-28 09:58:04'),
(850, 'MSI', 1, 2710, '2019-01-27 12:11:44', '2019-01-28 09:57:52'),
(851, 'TCM', 1, 2710, '2019-01-27 12:14:42', '2019-01-28 09:57:41'),
(852, 'Condor', 1, 2710, '2019-01-27 12:33:50', '2019-01-28 09:57:22'),
(853, 'Oynarox', -1, 2710, '2019-01-27 12:35:04', '2019-01-28 09:57:08'),
(854, 'Bamix', 1, 2710, '2019-01-27 12:36:41', '2019-01-28 09:56:42'),
(855, 'Unold', 1, 2710, '2019-01-27 12:46:58', '2019-01-28 09:56:25'),
(856, 'Aldi', -1, 3383, '2019-01-27 21:31:34', '2019-01-28 09:56:12'),
(857, 'Pioneer', 1, 3383, '2019-01-27 21:36:10', '2019-01-28 09:55:23'),
(858, 'Gritzner', 1, 3383, '2019-01-28 14:39:54', '2019-02-04 10:02:03'),
(859, 'Pfaff', 1, 3383, '2019-01-28 15:10:30', '2019-02-04 10:01:32'),
(860, 'KaVo', 1, 3383, '2019-01-28 15:29:13', '2019-02-04 10:05:38'),
(861, 'Prestige', -1, 5455, '2019-01-29 13:00:46', '2019-02-04 10:01:04'),
(862, 'Samson', 1, 2710, '2019-01-29 20:22:11', '2019-02-04 10:04:22'),
(863, 'Sommer', 1, 3383, '2019-01-30 12:13:45', '2019-02-04 10:02:47'),
(864, 'B1', 1, 2710, '2019-01-31 17:09:48', '2019-02-04 10:03:39'),
(865, 'Tesla', 1, 2710, '2019-02-12 18:39:46', '2019-02-19 09:01:38'),
(866, 'Marantz', 1, 2710, '2019-02-12 19:09:43', '2019-02-19 09:02:14'),
(867, 'Marshall', 1, 2710, '2019-02-12 19:12:40', '2019-02-19 09:02:43'),
(868, 'Xiaomi', 1, 2710, '2019-02-12 19:13:43', '2019-02-19 09:03:16'),
(869, 'Millitzer C', -1, 18106, '2019-02-15 06:13:28', '2019-02-19 09:01:08'),
(870, 'Nescafé', 1, 2710, '2019-02-20 19:42:01', '2019-02-26 10:29:51'),
(871, 'Swissonic', 1, 2710, '2019-02-20 19:45:55', '2019-02-26 10:30:32'),
(872, 'Pentacon', 1, 2710, '2019-02-20 19:52:20', '2019-02-26 10:30:17'),
(873, 'Gembrid', 1, 2710, '2019-02-27 18:04:59', '2019-03-04 09:30:53'),
(874, 'Worldtimer', -1, 2710, '2019-02-27 18:06:05', '2019-03-04 09:31:39'),
(875, 'Parkside', 1, 2710, '2019-03-01 13:14:40', '2019-03-04 09:32:00'),
(876, 'Minolta', 1, 2710, '2019-03-01 13:17:15', '2019-03-04 09:32:21'),
(877, 'Carrier', 1, 2710, '2019-03-01 13:19:28', '2019-03-04 09:33:02'),
(878, 'Roberts', 1, 2710, '2019-03-01 13:20:17', '2019-03-04 09:33:43'),
(879, 'Loking', -1, 2710, '2019-03-14 18:51:08', '2019-03-18 09:25:17'),
(880, 'Cloer', 1, 2710, '2019-03-14 19:01:34', '2019-03-18 09:26:05'),
(881, 'Cromad', -1, 2710, '2019-03-14 19:02:57', '2019-03-18 09:27:04'),
(882, 'Silvercrest', 1, 7526, '2019-03-21 17:38:27', '2019-03-26 09:04:23'),
(883, 'compaq', 1, 5108, '2019-03-30 19:13:41', '2019-04-01 09:58:18'),
(884, 'ESGE', 1, 4719, '2019-04-08 16:31:01', '2019-04-11 14:15:28'),
(885, 'Razer', 1, 4719, '2019-04-08 17:16:22', '2019-04-11 14:14:36'),
(886, 'Heidemann', 1, 4719, '2019-04-09 08:07:41', '2019-04-11 14:14:10'),
(887, 'Hilti', 1, 4719, '2019-04-12 11:01:34', '2019-05-06 08:45:12'),
(888, 'KTM', 1, 4719, '2019-04-12 11:26:56', '2019-05-06 08:44:24'),
(889, 'Stöckli', 1, 2710, '2019-04-17 13:06:19', '2019-05-06 08:47:13'),
(890, 'Orion', 1, 2710, '2019-04-17 13:19:00', '2019-05-06 08:43:33'),
(891, 'Pimkie', 1, 2710, '2019-04-17 13:38:53', '2019-05-06 08:43:00'),
(892, 'Renkforce', 1, 2710, '2019-04-17 13:51:47', '2019-05-06 08:42:34'),
(893, 'Fif', 1, 2710, '2019-04-17 14:25:52', '2019-05-06 08:46:28'),
(894, 'Technics', 1, 2710, '2019-04-17 14:29:36', '2019-05-06 08:41:34'),
(895, 'Hawe', 1, 2710, '2019-04-17 14:32:17', '2019-05-06 08:45:27'),
(896, 'arendo', 1, 2710, '2019-04-17 14:35:08', '2019-05-06 08:52:22'),
(897, 'macally', 1, 2710, '2019-04-17 14:37:08', '2019-05-06 08:40:11'),
(898, 'SwissBrands', 1, 2710, '2019-04-17 14:39:32', '2019-05-06 08:42:03'),
(899, 'Grossag', 1, 2710, '2019-04-17 14:40:30', '2019-05-06 08:46:08'),
(900, 'Belcanto', 1, 2710, '2019-04-17 14:44:49', '2019-05-06 08:47:43'),
(901, 'AFK Germany', 1, 14078, '2019-04-17 16:12:47', '2019-05-06 08:49:57'),
(902, 'Korona', 1, 2710, '2019-04-18 15:25:41', '2019-05-06 08:44:11'),
(903, 'VEB Elektroinstallation Oberlind', 1, 14078, '2019-04-21 17:09:44', '2019-05-06 08:40:46'),
(904, 'Efbe Elektrogeräte GmbH', 1, 14078, '2019-04-21 17:13:09', '2019-05-06 08:46:48'),
(905, 'Harman-Kardon', 1, 14078, '2019-04-21 17:21:25', '2019-05-06 08:45:49'),
(906, 'Shimo', 1, 14078, '2019-04-21 17:28:18', '2019-05-06 08:51:43'),
(907, 'Parrot', 1, 14078, '2019-04-22 13:48:31', '2019-05-06 08:43:28'),
(908, 'Petra', 1, 14078, '2019-04-22 13:51:28', '2019-05-06 08:51:27'),
(909, 'BEEM', 1, 14078, '2019-04-22 13:55:41', '2019-05-06 08:47:55'),
(910, 'Denon', 1, 14078, '2019-04-22 14:15:23', '2019-05-06 08:47:26'),
(911, 'Ideenshop', 1, 14078, '2019-04-23 08:59:20', '2019-05-06 08:45:03'),
(912, 'KHG', 1, 14078, '2019-04-23 09:18:38', '2019-05-06 08:44:41'),
(913, 'Optima', 1, 14078, '2019-04-23 09:29:05', '2019-05-06 08:43:53'),
(914, 'Naumann', 1, 14078, '2019-04-23 09:30:36', '2019-05-06 08:43:58'),
(915, 'AIWA', 1, 14078, '2019-04-24 14:00:56', '2019-05-06 08:48:27'),
(916, 'Tefal', 1, 14078, '2019-04-24 14:12:14', '2019-05-06 08:41:10'),
(917, 'Top Clean', 1, 14078, '2019-04-24 14:30:49', '2019-05-06 08:50:33'),
(918, 'Airbox', 1, 14078, '2019-04-24 14:40:24', '2019-05-06 08:48:13'),
(919, 'Playbear', 1, 14078, '2019-04-24 14:43:43', '2019-05-06 08:42:52'),
(920, 'Brio', 1, 5455, '2019-05-03 08:50:20', '2019-05-06 08:47:30'),
(921, 'Mulinex', -1, 15426, '2019-05-08 14:47:36', '2019-05-13 09:03:53'),
(922, 'Kieler Manufaktur', 1, 15426, '2019-05-08 14:55:49', '2019-05-13 09:04:16'),
(923, 'TIP', 1, 2710, '2019-05-09 13:31:38', '2019-05-13 09:04:41'),
(924, 'Komet', 1, 2710, '2019-05-09 13:33:02', '2019-05-13 09:06:01'),
(925, 'Wahl', 1, 2710, '2019-05-09 13:40:19', '2019-05-13 09:06:23'),
(926, 'Ciatronic', -1, 2710, '2019-05-09 14:17:25', '2019-05-13 09:06:58'),
(927, 'Cowon', 1, 2710, '2019-05-09 14:39:50', '2019-05-13 09:07:45'),
(928, 'Bialetti', 1, 2710, '2019-05-09 14:53:31', '2019-05-13 09:07:20'),
(929, 'Trust', 1, 2710, '2019-05-16 15:22:15', '2019-05-20 08:48:28'),
(930, 'DDR', -1, 2710, '2019-05-16 15:22:56', '2019-05-20 08:48:50'),
(931, 'Reloop', 1, 2710, '2019-05-16 15:24:20', '2019-05-20 08:49:20'),
(932, 'fitmix', 1, 2710, '2019-05-16 15:25:47', '2019-05-20 08:49:42'),
(933, 'Rolleiflex', 1, 2710, '2019-05-16 15:30:41', '2019-05-20 08:50:28'),
(934, 'TechniSat', 1, 3313, '2019-05-25 14:10:59', '2019-05-28 10:10:12'),
(935, 'Shino', -1, 3313, '2019-05-25 14:22:38', '2019-05-28 10:11:00'),
(936, 'JVC', 1, 3313, '2019-05-25 14:27:54', '2019-05-28 10:11:27'),
(937, 'Fisher', 1, 14078, '2019-05-26 08:52:56', '2019-05-28 10:12:04'),
(938, 'Fissler', 1, 14078, '2019-05-26 09:01:01', '2019-05-28 10:12:10'),
(939, 'EMAG', 1, 3313, '2019-05-27 21:44:13', '2019-05-28 10:12:27'),
(940, 'Vaillant', 1, 3313, '2019-05-27 21:48:54', '2019-05-28 10:13:18'),
(941, 'Wolf Garten', 1, 3313, '2019-05-27 21:54:15', '2019-05-28 10:12:42'),
(942, 'HSM', 1, 3313, '2019-05-27 22:02:46', '2019-05-28 10:12:56'),
(943, 'Steinel', 1, 3313, '2019-05-27 22:16:17', '2019-05-28 10:13:13'),
(944, 'Digital', -1, 3383, '2019-05-28 18:04:03', '2019-06-03 09:24:58'),
(945, 'Wheeler', 1, 3383, '2019-05-28 18:26:57', '2019-06-03 09:25:17'),
(946, 'Obscure', -1, 3383, '2019-05-28 18:40:09', '2019-06-03 09:25:54'),
(947, 'TOP', -1, 3383, '2019-05-28 19:53:29', '2019-06-03 09:26:53'),
(948, 'Levono-Thinkpad', -1, 3383, '2019-05-28 20:16:06', '2019-06-03 09:27:20'),
(949, 'Alpina', 1, 3313, '2019-05-28 21:22:44', '2019-06-03 09:27:41'),
(950, 'EKO', 1, 3313, '2019-05-28 21:50:44', '2019-06-03 09:28:01'),
(951, 'CTEK', 1, 3313, '2019-05-28 21:54:06', '2019-06-03 09:28:38'),
(952, 'Pearl', 1, 3313, '2019-05-28 22:00:04', '2019-06-03 09:30:26'),
(953, 'Veritas', 1, 3313, '2019-05-29 21:54:39', '2019-06-03 09:31:43'),
(954, 'Switch On', 1, 14078, '2019-05-31 17:52:55', '2019-06-03 09:32:07'),
(955, 'VEB Messgerätewerk Zwönitz', 1, 14078, '2019-05-31 18:02:52', '2019-06-03 09:33:15'),
(956, 'Tascam', 1, 3313, '2019-05-31 22:34:42', '2019-06-03 09:33:40'),
(957, 'CSM', 1, 3313, '2019-05-31 22:40:36', '2019-06-03 09:34:22'),
(958, 'Rossmann Ideenwelt', 1, 3313, '2019-05-31 22:56:16', '2019-06-03 09:36:23'),
(959, 'Tempi Tec', 1, 3313, '2019-05-31 23:09:34', '2019-06-03 09:36:46'),
(960, 'Ningbo Jiulin Electronics', 1, 14078, '2019-06-01 10:18:03', '2019-06-03 09:37:16'),
(961, 'Fabas Luce', 1, 14078, '2019-06-01 15:04:15', '2019-06-03 09:37:41'),
(962, 'VEB Phonotechnik Pirna/Zittau', 1, 14078, '2019-06-01 15:08:14', '2019-06-03 09:37:53'),
(963, 'Wodtke', 1, 14078, '2019-06-01 15:26:13', '2019-06-03 09:38:20'),
(964, 'Solac', 1, 14078, '2019-06-01 15:30:52', '2019-06-03 09:38:40'),
(965, 'Largo', 1, 14078, '2019-06-01 15:36:37', '2019-06-03 09:43:14'),
(966, 'ELV Elektronik', 1, 14078, '2019-06-01 19:20:11', '2019-06-03 09:44:01'),
(967, 'Montreal', 1, 14078, '2019-06-01 19:23:50', '2019-06-03 09:45:10'),
(968, 'InFocus', 1, 14078, '2019-06-01 19:46:12', '2019-06-03 09:45:29'),
(969, 'Top Craft', 1, 3313, '2019-06-02 14:12:11', '2019-06-03 09:46:09'),
(970, 'Genesis', -1, 14078, '2019-06-02 16:33:55', '2019-06-03 09:48:50'),
(971, 'Efalock Professional Tools', 1, 14078, '2019-06-02 16:38:24', '2019-06-03 09:49:11'),
(972, 'Buthe', 1, 14078, '2019-06-02 16:49:53', '2019-06-03 09:49:29'),
(973, 'Doogee', 1, 14078, '2019-06-02 16:51:56', '2019-06-03 09:50:06'),
(974, 'Söhab', -1, 14078, '2019-06-02 19:39:35', '2019-06-03 09:51:54'),
(975, 'VEB Elektrogerätewerk Suhl', 1, 3313, '2019-06-02 20:28:07', '2019-06-11 09:26:53'),
(976, 'HGL', 1, 14078, '2019-06-03 13:57:57', '2019-06-11 09:44:54'),
(977, 'Ellrona', 1, 14078, '2019-06-03 14:34:15', '2019-06-11 09:44:31'),
(978, 'Jolla', 1, 14078, '2019-06-04 10:22:44', '2019-06-11 09:44:08'),
(979, 'ToLife', 1, 14078, '2019-06-04 10:39:12', '2019-06-11 09:43:35'),
(980, 'Point-Of-View', 1, 14078, '2019-06-04 10:44:01', '2019-06-11 09:43:08'),
(981, 'Viessmann', 1, 14078, '2019-06-04 10:57:19', '2019-06-11 09:42:53'),
(982, 'Herrnhut', 1, 14078, '2019-06-04 13:26:49', '2019-06-11 09:42:38'),
(983, 'VEB Fernmeldewerk Nordhausen', 1, 14078, '2019-06-04 16:33:34', '2019-06-11 09:15:43'),
(984, 'Mission', 1, 14078, '2019-06-04 16:37:29', '2019-06-11 09:42:17'),
(985, 'Cateye', 1, 14078, '2019-06-05 16:38:56', '2019-06-11 09:21:14'),
(986, 'Commodore', 1, 14078, '2019-06-05 16:48:50', '2019-06-11 09:17:53'),
(987, 'EWT', 1, 14078, '2019-06-05 20:38:08', '2019-06-11 09:20:33'),
(988, 'VEB Kombinat Elektromaschinenbau Dresden', 1, 14078, '2019-06-05 20:44:09', '2019-06-11 09:20:15'),
(989, 'ONE', -1, 14078, '2019-06-05 20:46:59', '2019-06-11 09:24:28'),
(990, 'CMX', 1, 3313, '2019-06-05 20:49:23', '2019-06-11 09:18:37'),
(991, 'Huanyang', 1, 14078, '2019-06-05 21:00:28', '2019-06-11 09:18:21'),
(992, 'Exquisit', 1, 14078, '2019-06-05 21:08:28', '2019-06-11 09:17:26'),
(993, 'Welltech', 1, 14078, '2019-06-05 21:21:25', '2019-06-11 09:17:05'),
(994, 'Mazda', 1, 14078, '2019-06-05 21:27:11', '2019-06-11 09:16:44'),
(995, 'Hendi', 1, 14078, '2019-06-06 12:50:58', '2019-06-11 09:15:17'),
(996, 'Crestano', 1, 14078, '2019-06-06 13:07:56', '2019-06-11 09:21:57'),
(997, 'Liss', 1, 14078, '2019-06-06 13:15:43', '2019-06-11 09:22:45'),
(998, 'Medisana', 1, 14078, '2019-06-06 13:25:21', '2019-06-11 09:23:21'),
(999, 'CASA Deco', 1, 14078, '2019-06-06 13:33:56', '2019-06-11 09:23:38'),
(1000, 'Verda', 1, 14078, '2019-06-06 13:35:42', '2019-06-11 09:23:58'),
(1001, 'Genie', 1, 14078, '2019-06-07 08:11:08', '2019-06-11 09:24:33'),
(1002, 'VEB Elektrogerätewerk Suhl', -1, 14078, '2019-06-07 08:34:07', '2019-06-11 09:20:09'),
(1003, 'Rexel', 1, 3313, '2019-06-07 19:30:25', '2019-06-11 09:25:12'),
(1004, 'JayTech', 1, 14078, '2019-06-08 16:04:12', '2019-06-11 09:26:44'),
(1005, 'Sonoro', 1, 3313, '2019-06-08 22:34:49', '2019-06-11 09:27:11'),
(1006, 'Vivanco', 1, 14078, '2019-06-09 09:09:54', '2019-06-11 09:27:32'),
(1007, 'Yookidoo', 1, 14078, '2019-06-09 09:13:10', '2019-06-11 09:27:51'),
(1008, 'Zotac', 1, 3313, '2019-06-09 12:45:08', '2019-06-11 09:28:03'),
(1009, 'VEB Funkwerk Zittau', 1, 3313, '2019-06-09 15:42:13', '2019-06-11 09:29:20'),
(1010, 'Unitra', 1, 3313, '2019-06-09 15:57:08', '2019-06-11 09:29:41'),
(1011, 'Creative', 1, 3313, '2019-06-09 17:21:34', '2019-06-11 09:30:31'),
(1012, 'Kurby', -1, 3313, '2019-06-10 10:29:17', '2019-06-11 09:31:43'),
(1013, 'Consul', 1, 14078, '2019-06-11 08:18:16', '2019-06-11 09:35:59'),
(1014, 'HeiTech', 1, 14078, '2019-06-11 08:20:35', '2019-06-11 09:36:25'),
(1015, 'VEB Stern-Radio Berlin', 1, 14078, '2019-06-11 14:38:53', '2019-06-17 10:08:41'),
(1016, 'Graef', 1, 14078, '2019-06-11 14:53:04', '2019-06-17 10:12:58'),
(1017, 'aQuip', 1, 3313, '2019-06-11 21:11:31', '2019-06-17 09:25:58'),
(1018, 'Zoom Corporation', 1, 3313, '2019-06-11 21:56:20', '2019-06-17 09:29:30'),
(1019, 'Bones', 1, 14078, '2019-06-12 10:20:19', '2019-06-17 10:17:09'),
(1020, 'Piko', 1, 14078, '2019-06-12 14:03:23', '2019-06-17 10:10:54'),
(1021, 'SuperTech', 1, 14078, '2019-06-12 15:16:06', '2019-06-17 10:06:34'),
(1022, 'Swatch', 1, 3313, '2019-06-12 18:46:05', '2019-06-17 10:04:21'),
(1023, 'Tepro', 1, 3313, '2019-06-12 18:59:50', '2019-06-17 10:06:05'),
(1024, 'Fellowes', 1, 14078, '2019-06-12 20:41:59', '2019-06-17 10:13:13'),
(1025, 'ProfiCook', 1, 14078, '2019-06-12 20:54:07', '2019-06-17 10:09:38'),
(1026, 'United Office', 1, 3313, '2019-06-12 21:02:56', '2019-06-17 10:04:49'),
(1027, 'Dario', 1, 14078, '2019-06-12 21:03:52', '2019-06-17 10:16:37'),
(1028, 'Faema', 1, 14078, '2019-06-12 21:24:20', '2019-06-17 10:13:22'),
(1029, 'Beafon', 1, 14078, '2019-06-12 21:26:54', '2019-06-17 10:17:22'),
(1030, 'Okano', 1, 14078, '2019-06-12 21:44:00', '2019-06-17 10:11:36'),
(1031, 'Centor Warenhandels GmbH', 1, 3313, '2019-06-13 21:36:52', '2019-06-17 10:16:52'),
(1032, 'VEB Rechentechnik Meiningen', 1, 3313, '2019-06-13 21:44:52', '2019-06-17 10:04:10'),
(1033, 'Terra', 1, 3313, '2019-06-13 22:05:12', '2019-06-17 10:05:10'),
(1034, 'Hanseatic', 1, 14078, '2019-06-14 10:58:11', '2019-06-17 10:12:19'),
(1035, 'VEB Kamera- und Kinowerke Dresden', 1, 14078, '2019-06-14 11:03:18', '2019-06-17 10:04:16'),
(1036, 'Weltbild', 1, 14078, '2019-06-14 11:08:33', '2019-06-17 10:03:56'),
(1037, 'Amway', 1, 14078, '2019-06-14 11:17:37', '2019-06-17 10:17:47'),
(1038, 'Odys', 1, 14078, '2019-06-14 11:32:03', '2019-06-17 10:11:47'),
(1039, 'TFA Dostmann', 1, 14078, '2019-06-14 15:04:49', '2019-06-17 10:06:20'),
(1040, 'Intewa', 1, 14078, '2019-06-14 15:55:48', '2019-06-17 10:12:03'),
(1041, 'Reer', 1, 14078, '2019-06-14 16:02:30', '2019-06-17 10:09:24'),
(1042, 'Stagg', 1, 3313, '2019-06-14 21:46:38', '2019-06-17 10:08:55'),
(1043, 'Auerswald', 1, 3313, '2019-06-14 21:52:22', '2019-06-17 10:17:33'),
(1044, 'VEB Sternradio Sonneberg', 1, 3313, '2019-06-14 21:56:52', '2019-06-17 10:04:03'),
(1045, 'Dörrex', -1, 14078, '2019-06-15 16:34:44', '2019-06-17 10:13:52'),
(1046, 'Roadstar', 1, 14078, '2019-06-15 16:39:00', '2019-06-17 10:09:08'),
(1047, 'PetPorte', 1, 14078, '2019-06-15 16:58:45', '2019-06-17 10:11:12'),
(1048, 'Syma', 1, 3313, '2019-06-17 20:50:23', '2019-06-24 09:09:53'),
(1049, 'Moredig', 1, 3313, '2019-06-17 21:21:13', '2019-06-24 09:10:08'),
(1050, 'Navigon', 1, 3313, '2019-06-17 22:24:44', '2019-06-24 09:10:49'),
(1051, 'Levono', -1, 3383, '2019-06-18 10:00:09', '2019-06-24 09:11:05'),
(1052, 'Herenthal', 1, 14078, '2019-06-18 15:49:37', '2019-06-24 09:11:30'),
(1053, 'WiMo', 1, 14078, '2019-06-18 15:51:08', '2019-06-24 09:11:44'),
(1054, 'Medicate', 1, 14078, '2019-06-18 15:58:48', '2019-06-24 09:12:11'),
(1055, 'Opel', 1, 14078, '2019-06-21 15:41:37', '2019-06-24 09:12:23'),
(1056, 'Skil', 1, 14078, '2019-06-24 13:29:40', '2019-07-01 09:47:49'),
(1057, 'Soul', 1, 14078, '2019-06-27 14:21:16', '2019-07-01 09:47:20'),
(1058, 'Firefly', 1, 14078, '2019-06-27 14:34:34', '2019-07-01 09:48:53'),
(1059, 'Reflexion', 1, 14078, '2019-06-27 16:08:05', '2019-07-01 09:48:11'),
(1060, 'Globus Holding', 1, 14078, '2019-06-28 09:00:08', '2019-07-01 09:48:39'),
(1061, 'Petermann', 1, 14078, '2019-06-28 09:08:39', '2019-07-01 09:48:24'),
(1062, 'Teamtronic', 1, 14078, '2019-06-28 09:24:09', '2019-07-01 09:47:06'),
(1063, 'Fabiani', 1, 2710, '2019-07-02 12:48:18', '2019-07-09 09:15:30'),
(1064, 'VEB Robotron', 1, 2710, '2019-07-02 14:08:24', '2019-07-09 09:16:57'),
(1065, 'Sega', 1, 2710, '2019-07-02 14:49:48', '2019-07-09 09:18:13'),
(1066, 'Oukitel', 1, 2710, '2019-07-02 14:51:40', '2019-07-09 09:16:21'),
(1067, 'Salco', 1, 3313, '2019-07-05 22:16:49', '2019-07-09 09:16:37'),
(1068, 'Koss', 1, 14078, '2019-07-07 10:55:06', '2019-07-09 09:16:52'),
(1069, 'Sansui', 1, 14078, '2019-07-07 10:57:50', '2019-07-09 09:17:18'),
(1070, 'Peekton', 1, 14078, '2019-07-12 16:28:28', '2019-07-15 09:14:13'),
(1071, 'NUK', 1, 14078, '2019-07-19 18:51:04', '2019-07-22 09:58:35'),
(1072, 'Arnica', -1, 14078, '2019-07-19 19:03:04', '2019-07-22 09:58:17'),
(1073, 'Numark', 1, 14078, '2019-07-19 19:34:56', '2019-07-22 09:57:33'),
(1074, 'Mustek', 1, 3313, '2019-07-25 21:10:34', '2019-07-31 10:43:05'),
(1075, 'Scott', 1, 3313, '2019-07-25 21:24:24', '2019-07-31 10:43:32'),
(1076, 'Ansmann', 1, 3313, '2019-07-28 22:12:25', '2019-07-31 10:46:34'),
(1077, 'TEC STAR', 1, 14078, '2019-07-31 18:53:13', '2019-08-05 08:49:21'),
(1078, 'Ciatronic', -1, 2710, '2019-08-07 18:08:46', '2019-08-12 09:49:28'),
(1079, 'Statron', 0, 14078, '2019-08-13 11:57:56', '2019-08-13 11:57:56');

-- --------------------------------------------------------

--
-- Tabellenstruktur für Tabelle `categories`
--

DROP TABLE IF EXISTS `categories`;
CREATE TABLE `categories` (
  `id` int(11) NOT NULL,
  `name` varchar(100) COLLATE utf8_bin NOT NULL,
  `icon` varchar(255) COLLATE utf8_bin NOT NULL,
  `visible_on_platform` tinyint(4) UNSIGNED NOT NULL DEFAULT '1',
  `carbon_footprint` decimal(6,2) UNSIGNED NOT NULL DEFAULT '0.00',
  `material_footprint` decimal(8,2) UNSIGNED NOT NULL DEFAULT '0.00',
  `parent_id` int(11) DEFAULT NULL,
  `lft` int(11) NOT NULL,
  `rght` int(11) NOT NULL,
  `status` smallint(6) NOT NULL,
  `owner` int(10) UNSIGNED DEFAULT NULL,
  `created` datetime NOT NULL,
  `modified` datetime NOT NULL
) ENGINE=InnoDB DEFAULT CHARSET=utf8 COLLATE=utf8_bin;

--
-- Daten für Tabelle `categories`
--

INSERT INTO `categories` (`id`, `name`, `icon`, `visible_on_platform`, `carbon_footprint`, `material_footprint`, `parent_id`, `lft`, `rght`, `status`, `owner`, `created`, `modified`) VALUES
(87, 'Elektro Sonstiges', 'elektro', 1, '0.00', '0.00', NULL, 1, 182, 1, NULL, '0000-00-00 00:00:00', '0000-00-00 00:00:00'),
(88, 'Haushaltsgeräte', 'haushalt', 1, '0.00', '0.00', NULL, 183, 388, 1, NULL, '0000-00-00 00:00:00', '0000-00-00 00:00:00'),
(89, 'Unterhaltungselektronik', 'unterhaltungselektronik', 1, '0.00', '0.00', NULL, 389, 456, 1, NULL, '0000-00-00 00:00:00', '0000-00-00 00:00:00'),
(90, 'Computer', 'desktop-pcs', 1, '0.00', '0.00', NULL, 457, 500, 1, NULL, '0000-00-00 00:00:00', '2018-07-12 15:55:14'),
(94, 'Metallbearbeitung', 'metall', 1, '0.00', '0.00', NULL, 501, 506, 1, NULL, '0000-00-00 00:00:00', '0000-00-00 00:00:00'),
(95, 'Textilien', 'textilien', 1, '0.00', '0.00', NULL, 507, 526, 1, NULL, '0000-00-00 00:00:00', '0000-00-00 00:00:00'),
(96, 'Fahrrad', 'fahrrad', 1, '0.00', '0.00', NULL, 527, 594, 1, NULL, '0000-00-00 00:00:00', '0000-00-00 00:00:00'),
(113, 'Möbel (Holzbearbeitung)', 'holz', 1, '0.00', '0.00', NULL, 595, 610, 1, NULL, '0000-00-00 00:00:00', '0000-00-00 00:00:00'),
(126, 'Upcycling/Basteln', 'upcycling-basteln', 1, '0.00', '0.00', NULL, 611, 620, 1, NULL, '0000-00-00 00:00:00', '0000-00-00 00:00:00'),
(178, 'Handy / Smartphone / Tablet', 'handy-smartphone-tablet', 1, '0.00', '0.00', NULL, 621, 642, 1, NULL, '0000-00-00 00:00:00', '0000-00-00 00:00:00'),
(397, 'Leder', 'leder', 1, '0.00', '0.00', NULL, 643, 652, 1, NULL, '0000-00-00 00:00:00', '0000-00-00 00:00:00'),
(398, 'Schmuck', 'schmuck', 1, '0.00', '0.00', NULL, 653, 662, 1, NULL, '0000-00-00 00:00:00', '0000-00-00 00:00:00'),
(399, 'Lampe', 'lampe', 1, '0.00', '0.00', 87, 4, 5, 1, NULL, '0000-00-00 00:00:00', '0000-00-00 00:00:00'),
(400, 'Fön', 'foen', 1, '1.24', '29.53', 87, 6, 7, 1, NULL, '0000-00-00 00:00:00', '2018-08-09 11:26:46'),
(401, 'Wasserkocher', 'wasserkocher', 1, '4.16', '40.20', 88, 184, 185, 1, NULL, '0000-00-00 00:00:00', '2018-08-09 11:27:09'),
(402, 'Staubsauger', 'staubsauger', 1, '49.44', '201.19', 88, 186, 187, 1, NULL, '0000-00-00 00:00:00', '2018-08-09 11:29:41'),
(403, 'Fernseher', 'fernseher', 1, '146.66', '2116.07', 89, 390, 391, 1, NULL, '0000-00-00 00:00:00', '2018-08-09 11:28:31'),
(404, 'Radio', 'radio', 1, '0.00', '0.00', 89, 392, 393, 1, NULL, '0000-00-00 00:00:00', '0000-00-00 00:00:00'),
(405, 'Desktopcomputer', 'desktopcomputer', 1, '208.87', '2347.88', 90, 458, 459, 1, NULL, '0000-00-00 00:00:00', '2018-08-16 12:39:15'),
(406, 'Laptop', 'laptop', 1, '208.87', '2347.88', 90, 460, 461, 1, NULL, '0000-00-00 00:00:00', '2018-08-09 11:27:47'),
(407, 'Handy', 'handy', 1, '7.60', '65.82', 178, 622, 623, 1, NULL, '0000-00-00 00:00:00', '2018-08-09 11:28:59'),
(408, 'Smartphone', 'smartphone', 1, '7.60', '65.82', 178, 624, 625, 1, NULL, '0000-00-00 00:00:00', '2018-08-16 12:43:20'),
(409, 'Tablet', 'tablet', 1, '7.60', '65.82', 178, 626, 627, 1, NULL, '0000-00-00 00:00:00', '2018-08-16 12:43:27'),
(412, 'Lockenstab', 'lockenstab', 1, '1.24', '29.53', 87, 8, 9, 1, 3364, '2018-05-02 14:52:34', '2018-08-16 12:41:33'),
(417, 'Zahnbürste, elektrisch', 'zahnbuerste-elektrisch', 1, '0.00', '0.00', 87, 12, 13, 1, 1825, '2018-05-03 13:44:11', '0000-00-00 00:00:00'),
(418, 'Musikinstrument', 'musikinstrument', 1, '0.00', '0.00', 87, 14, 15, 1, 1825, '2018-05-03 13:44:37', '0000-00-00 00:00:00'),
(419, 'Digitalkamera', 'digitalkamera', 1, '7.60', '65.82', 87, 16, 17, 1, 1825, '2018-05-03 13:45:06', '2018-08-16 12:41:00'),
(420, 'Nähmaschine', 'naehmaschine', 1, '2.34', '27.90', 87, 18, 19, 1, 1825, '2018-05-03 13:45:26', '2018-08-16 12:42:15'),
(421, 'Spielzeug', 'spielzeug', 1, '0.00', '0.00', 87, 20, 21, 1, 1825, '2018-05-03 13:45:40', '0000-00-00 00:00:00'),
(422, 'Telefon', 'telefon', 1, '7.60', '65.82', 87, 22, 23, 1, 1825, '2018-05-03 13:45:58', '2018-08-16 12:42:33'),
(423, 'Standmixer', 'standmixer', 1, '2.34', '27.90', 88, 188, 189, 1, 1825, '2018-05-03 13:46:15', '2018-08-16 13:13:10'),
(424, 'Stabmixer / Pürierstab', 'stabmixer-puerierstab', 1, '2.34', '27.90', 88, 190, 191, 1, 1825, '2018-05-03 13:46:50', '2018-08-16 13:12:52'),
(425, 'Handmixer', 'handmixer', 1, '2.34', '27.90', 88, 192, 193, 1, 1825, '2018-05-03 13:47:29', '2018-08-09 11:27:22'),
(426, 'Waffeleisen', 'waffeleisen', 1, '4.16', '40.20', 88, 194, 195, 1, 1825, '2018-05-03 13:47:50', '2018-08-16 13:13:35'),
(427, 'Kaffeemühle', 'kaffeemuehle', 1, '0.00', '0.00', 88, 196, 197, 1, 1825, '2018-05-03 13:48:16', '0000-00-00 00:00:00'),
(428, 'Saftpresse', 'saftpresse', 1, '0.00', '0.00', 88, 198, 199, 1, 1825, '2018-05-03 13:48:32', '0000-00-00 00:00:00'),
(429, 'Küchenmaschine', 'kuechenmaschine', 1, '2.34', '27.90', 88, 200, 201, 1, 1825, '2018-05-03 13:48:52', '2018-08-16 13:12:24'),
(430, 'Kaffeemaschine', 'kaffeemaschine', 1, '6.01', '47.56', 88, 202, 203, 1, 1825, '2018-05-03 13:49:14', '2018-08-09 11:26:38'),
(431, 'Kaffeevollautomat', 'kaffeevollautomat', 1, '6.01', '47.56', 88, 204, 205, 1, 1825, '2018-05-03 13:49:38', '2018-08-16 13:12:11'),
(432, 'Toaster', 'toaster', 1, '5.87', '77.73', 88, 206, 207, 1, 1825, '2018-05-03 13:49:57', '2018-08-09 11:26:55'),
(433, 'Kassettenrekorder', 'kassettenrekorder', 1, '0.00', '0.00', 89, 394, 395, 1, 1825, '2018-05-03 13:50:35', '0000-00-00 00:00:00'),
(434, 'Videorekorder', 'videorekorder', 1, '17.23', '356.01', 89, 396, 397, 1, 1825, '2018-05-03 13:51:11', '2018-08-16 13:14:53'),
(435, 'DVD-Player', 'dvd-player', 1, '17.23', '356.01', 89, 398, 399, 1, 1825, '2018-05-03 13:51:30', '2018-08-09 11:28:08'),
(436, 'CD-Player', 'cd-player', 1, '17.23', '356.01', 89, 400, 401, 1, 1825, '2018-05-03 13:51:53', '2018-08-09 11:28:00'),
(437, 'HiFi-Musik-Anlage', 'hifi-anlage', 1, '17.23', '356.01', 89, 402, 403, 1, 1825, '2018-05-03 13:52:23', '2019-01-28 10:02:34'),
(438, 'Walkman', 'walkman', 1, '0.00', '0.00', 89, 404, 405, 1, 1825, '2018-05-03 13:52:41', '0000-00-00 00:00:00'),
(439, 'Discman', 'discman', 1, '0.00', '0.00', 89, 406, 407, 1, 1825, '2018-05-03 13:52:55', '0000-00-00 00:00:00'),
(440, 'Mp3-Player', 'mp3-player', 1, '0.00', '0.00', 89, 408, 409, 1, 1825, '2018-05-03 13:53:13', '0000-00-00 00:00:00'),
(441, 'Lautsprecher(boxen)', 'lautsprecher-boxen-', 1, '0.00', '0.00', 89, 410, 411, 1, 1825, '2018-05-03 13:53:40', '0000-00-00 00:00:00'),
(442, 'Spielkonsole', 'spielkonsole', 1, '208.87', '2347.88', 89, 412, 413, 1, 1825, '2018-05-03 13:54:05', '2018-08-16 13:15:08'),
(443, 'Plattenspieler', 'plattenspieler', 1, '0.00', '0.00', 89, 414, 415, 1, 1825, '2018-05-03 13:54:23', '0000-00-00 00:00:00'),
(444, 'Jukebox', 'jukebox', 1, '0.00', '0.00', 89, 416, 417, 1, 1825, '2018-05-03 13:54:55', '0000-00-00 00:00:00'),
(445, 'Drucker', 'drucker', 1, '78.91', '1132.94', 90, 464, 465, 1, 1825, '2018-05-03 13:55:40', '2018-08-09 11:28:23'),
(446, 'Tastatur', 'tastatur', 1, '0.00', '0.00', 90, 466, 467, 1, 1825, '2018-05-03 13:55:57', '0000-00-00 00:00:00'),
(447, 'Computermaus', 'computermaus', 1, '0.00', '0.00', 90, 468, 469, 1, 1825, '2018-05-03 13:57:09', '0000-00-00 00:00:00'),
(448, 'Fernbedienung', 'fernbedienung', 1, '0.00', '0.00', 89, 418, 419, 1, 1825, '2018-05-03 14:01:26', '0000-00-00 00:00:00'),
(449, 'Scanner', 'scanner', 1, '78.91', '1132.94', 90, 470, 471, 1, 1825, '2018-05-03 14:01:40', '2018-08-16 12:39:30'),
(450, 'E-Book-Reader', 'e-book-reader', 1, '7.60', '65.82', 178, 630, 631, 1, 1825, '2018-05-03 14:02:21', '2018-08-16 12:42:58'),
(451, 'Kleidungsstück', 'kleidungsstueck', 1, '0.00', '0.00', 95, 510, 511, 1, 1825, '2018-05-03 14:02:43', '0000-00-00 00:00:00'),
(452, 'Wohntextilie', 'wohntextilie', 1, '0.00', '0.00', 95, 512, 513, 1, 1825, '2018-05-03 14:03:02', '0000-00-00 00:00:00'),
(453, 'Tasche / Koffer', 'tasche-koffer', 1, '0.00', '0.00', 95, 514, 515, 1, 1825, '2018-05-03 14:03:18', '0000-00-00 00:00:00'),
(454, 'Kleidungsstück', 'kleidungsstueck', 1, '0.00', '0.00', 397, 646, 647, 1, 1825, '2018-05-03 14:03:31', '0000-00-00 00:00:00'),
(455, 'Tasche / Koffer', 'tasche-koffer', 1, '0.00', '0.00', 397, 648, 649, 1, 1825, '2018-05-03 14:03:52', '0000-00-00 00:00:00'),
(456, 'Möbelstück', 'moebelstueck', 1, '0.00', '0.00', 113, 596, 597, 1, 1825, '2018-05-03 14:04:09', '0000-00-00 00:00:00'),
(457, 'Spielzeug', 'spielzeug', 1, '0.00', '0.00', 113, 598, 599, 1, 1825, '2018-05-03 14:04:23', '0000-00-00 00:00:00'),
(458, 'Mikrofon', 'mikrofon', 1, '0.00', '0.00', 89, 420, 421, 1, 1825, '2018-05-03 14:04:56', '0000-00-00 00:00:00'),
(459, 'Kopfhörer', 'kopfhoerer', 1, '0.00', '0.00', 89, 422, 423, 1, 1825, '2018-05-03 14:05:11', '0000-00-00 00:00:00'),
(460, 'Reifen', 'reifen', 1, '0.00', '0.00', 96, 530, 531, 1, 1825, '2018-05-03 14:05:29', '0000-00-00 00:00:00'),
(461, 'Beleuchtung', 'beleuchtung', 1, '0.00', '0.00', 96, 532, 533, 1, 1825, '2018-05-03 14:05:42', '0000-00-00 00:00:00'),
(462, 'Bremsen', 'bremsen', 1, '0.00', '0.00', 96, 534, 535, 1, 1825, '2018-05-03 14:06:05', '0000-00-00 00:00:00'),
(463, 'Rahmen', 'rahmen', 1, '0.00', '0.00', 96, 536, 569, 1, 1825, '2018-05-03 14:06:18', '0000-00-00 00:00:00'),
(464, 'Gangschaltung', 'gangschaltung', 1, '0.00', '0.00', 96, 570, 571, 1, 1825, '2018-05-03 14:06:31', '2018-10-01 08:27:18'),
(465, 'Antrieb', 'antrieb', 1, '0.00', '0.00', 96, 572, 573, 1, 1825, '2018-05-03 14:12:50', '0000-00-00 00:00:00'),
(466, 'Bügeleisen', 'buegeleisen', 1, '8.69', '136.34', 88, 208, 209, 1, 1825, '2018-05-03 14:13:21', '2018-08-09 11:26:22'),
(467, 'Waage, elektrisch', 'waage-elektrisch', 1, '0.00', '0.00', 88, 210, 211, 1, 1825, '2018-05-03 14:13:49', '0000-00-00 00:00:00'),
(468, 'Entsafter', 'entsafter', 1, '0.00', '0.00', 88, 212, 213, 1, 1825, '2018-05-03 14:14:05', '0000-00-00 00:00:00'),
(469, 'Brotschneidemaschine', 'brotschneidemaschine', 1, '2.34', '27.90', 88, 214, 215, 1, 1825, '2018-05-03 14:14:22', '2018-08-16 12:44:59'),
(470, 'Milchaufschäumer', 'milchaufschaeumer', 1, '0.00', '0.00', 88, 216, 217, 1, 1825, '2018-05-03 14:14:36', '0000-00-00 00:00:00'),
(471, 'Eierkocher', 'eierkocher', 1, '5.87', '77.73', 88, 218, 219, 1, 1825, '2018-05-03 14:14:59', '2018-08-16 13:11:31'),
(472, 'Glätteisen', 'glaetteisen', 1, '1.24', '29.53', 88, 220, 221, 1, 1825, '2018-05-03 14:15:16', '2018-08-16 13:11:50'),
(473, 'Heizlüfter', 'heizluefter', 1, '0.00', '0.00', 87, 24, 25, 1, 1825, '2018-05-03 14:15:29', '0000-00-00 00:00:00'),
(474, 'Elektrorasierer', 'elektrorasierer', 1, '1.24', '29.53', 87, 26, 27, 1, 1825, '2018-05-03 14:15:46', '2018-08-16 12:41:17'),
(475, 'Heizdecke / Heizkissen', 'heizdecke-heizkissen', 1, '0.00', '0.00', 87, 28, 29, 1, 1825, '2018-05-03 14:16:07', '0000-00-00 00:00:00'),
(476, 'Bohrmaschine', 'bohrmaschine', 1, '0.00', '0.00', 87, 30, 31, 1, 1825, '2018-05-03 14:16:20', '0000-00-00 00:00:00'),
(477, 'Akkuschrauber', 'akkuschrauber', 1, '0.00', '0.00', 87, 32, 33, 1, 1825, '2018-05-03 14:16:33', '0000-00-00 00:00:00'),
(478, 'Wecker', 'wecker', 1, '0.00', '0.00', 87, 34, 35, 1, 1825, '2018-05-03 14:16:45', '0000-00-00 00:00:00'),
(479, 'Radiowecker', 'radiowecker', 1, '0.00', '0.00', 89, 424, 425, 1, 1825, '2018-05-03 14:17:00', '0000-00-00 00:00:00'),
(480, 'Uhr', 'uhr', 1, '0.00', '0.00', 88, 222, 223, 1, 1825, '2018-05-03 14:17:18', '0000-00-00 00:00:00'),
(481, 'Autoradio', 'autoradio', 1, '17.23', '356.01', 89, 426, 427, 1, 1825, '2018-05-03 14:17:37', '2018-08-16 13:14:29'),
(482, 'Videokamera', 'videokamera', 1, '7.60', '65.82', 87, 36, 37, 1, 1825, '2018-05-03 14:17:55', '2018-08-16 12:42:47'),
(483, 'Navigationsgerät', 'navigationsgeraet', 1, '7.60', '65.82', 178, 632, 633, 1, 1825, '2018-05-03 14:18:31', '2018-08-16 12:43:09'),
(484, 'Receiver', 'receiver', 1, '17.23', '356.01', 89, 428, 429, 1, 1825, '2018-05-03 14:18:43', '2018-08-16 13:14:45'),
(485, 'Gürtel', 'guertel', 1, '0.00', '0.00', 397, 650, 651, 1, 1825, '2018-05-03 14:18:58', '0000-00-00 00:00:00'),
(486, 'Schirm', 'schirm', 1, '0.00', '0.00', 95, 516, 517, 1, 1825, '2018-05-03 14:19:14', '0000-00-00 00:00:00'),
(487, 'Bildschirm', 'bildschirm', 1, '335.61', '2894.44', 90, 472, 473, 1, 1825, '2018-05-08 09:55:21', '2018-08-09 11:27:37'),
(489, 'Mikrowelle', 'mikrowelle', 1, '72.54', '1212.70', 88, 224, 225, 1, 1825, '2018-06-13 10:27:05', '2018-08-09 11:29:33'),
(490, 'Taschenlampe', 'taschenlampe', 1, '0.00', '0.00', 87, 38, 39, 1, 5455, '2018-06-18 11:09:54', '0000-00-00 00:00:00'),
(491, 'Venenwalker', 'venenwalker', 1, '0.00', '0.00', 87, 40, 41, 1, 5455, '2018-06-18 11:18:16', '0000-00-00 00:00:00'),
(492, 'Heckenschere', 'heckenschere', 1, '0.00', '0.00', 87, 42, 43, 1, 5455, '2018-06-18 11:19:33', '0000-00-00 00:00:00'),
(493, 'Sonstiges', 'sonstiges', 1, '0.00', '0.00', 87, 44, 45, -1, 5455, '2018-06-18 11:25:14', '2019-06-17 10:21:47'),
(494, 'Sonstiges', 'sonstiges', 1, '0.00', '0.00', 96, 574, 575, 1, 5455, '2018-06-18 11:51:03', '0000-00-00 00:00:00'),
(495, 'Wetterstation', 'wetterstation', 1, '0.00', '0.00', 87, 46, 47, 1, 5455, '2018-06-18 11:56:30', '0000-00-00 00:00:00'),
(496, 'Blutdruckmessgerät', 'blutdruckmessgeraet', 1, '0.00', '0.00', 87, 48, 49, 1, 5455, '2018-06-18 12:03:48', '0000-00-00 00:00:00'),
(497, 'Diabetrachter', 'diabetrachter', 1, '0.00', '0.00', 89, 430, 431, 1, 5455, '2018-06-19 11:05:58', '0000-00-00 00:00:00'),
(498, 'Autobatterie-Ladegerät', 'autobatterie-ladegeraet', 1, '0.00', '0.00', 87, 50, 51, 1, 5455, '2018-06-19 11:08:55', '0000-00-00 00:00:00'),
(499, 'Brille', 'brille', 1, '0.00', '0.00', 398, 654, 655, 1, 11276, '2018-06-21 09:50:47', '0000-00-00 00:00:00'),
(500, 'Akku, mechanisch', 'akku-mechanisch', 1, '0.00', '0.00', 87, 52, 53, 1, 11276, '2018-06-21 09:56:00', '0000-00-00 00:00:00'),
(501, 'Bügelstation', 'buegelstation', 1, '8.69', '136.34', 87, 54, 55, 1, 11276, '2018-06-21 10:22:46', '2018-08-16 12:40:39'),
(502, 'Minibackofen', 'minibackofen', 1, '0.00', '0.00', 88, 226, 227, 1, 11276, '2018-06-21 10:25:47', '0000-00-00 00:00:00'),
(503, 'Garten', 'garten', 1, '0.00', '0.00', 88, 228, 229, -1, 14518, '2018-07-04 19:09:21', '2018-07-25 11:19:00'),
(504, 'Haushaltsgroßgeräte', '', 0, '0.00', '0.00', NULL, 536, 569, 1, NULL, '2018-06-18 00:00:00', '0000-00-00 00:00:00'),
(505, 'Waschmaschine', '', 1, '351.76', '2936.21', 504, 537, 538, 1, 4722, '2018-07-09 14:34:30', '2018-08-09 11:30:08'),
(506, 'Kühlgerät', '', 1, '301.89', '4851.69', 504, 539, 540, 1, 4722, '2018-07-09 14:35:08', '2018-08-09 11:31:16'),
(507, 'Herd', '', 1, '562.65', '10947.54', 504, 555, 556, 1, 4722, '2018-07-09 14:35:54', '2018-08-09 11:32:34'),
(508, 'Geschirrspüler', '', 1, '205.16', '1927.48', 504, 541, 542, 1, 4722, '2018-07-09 14:36:05', '2018-08-09 11:32:08'),
(509, 'Kühl-Gefriergerät', '', 1, '475.97', '7164.37', 504, 557, 558, 1, 4722, '2018-07-09 14:36:27', '2018-08-09 11:31:03'),
(510, 'Dunstabzugshaube', '', 1, '0.00', '0.00', 504, 543, 544, 1, 4722, '2018-07-09 14:36:51', '2018-07-09 14:37:02'),
(511, 'Kochfeld', '', 1, '0.00', '0.00', 504, 545, 546, 1, 4722, '2018-07-09 14:37:42', '2018-07-09 14:37:51'),
(512, 'Backofen', '', 1, '562.65', '10947.54', 504, 553, 554, 1, 4722, '2018-07-09 14:37:53', '2018-08-09 11:32:22'),
(513, 'Trockner', '', 1, '223.68', '3495.85', 504, 547, 548, 1, 4722, '2018-07-09 14:38:04', '2018-08-09 11:29:57'),
(514, 'Gasherd', '', 1, '562.65', '10947.54', 504, 549, 550, 1, 4722, '2018-07-09 14:38:24', '2018-08-09 11:32:28'),
(515, 'Waschtrockner', '', 1, '223.68', '3495.85', 504, 551, 552, 1, 4722, '2018-07-09 14:38:45', '2018-08-09 11:29:51'),
(516, 'Klimagerät', '', 1, '0.00', '0.00', 504, 559, 560, 1, 4722, '2018-07-09 14:40:19', '2018-07-09 14:40:30'),
(517, 'Gefriergerät', '', 1, '447.55', '6284.92', 504, 561, 562, 1, 1825, '2018-07-11 17:29:37', '2018-08-09 11:31:44'),
(518, 'Gaskochfeld', '', 1, '0.00', '0.00', 504, 563, 564, 1, 1825, '2018-07-11 17:30:08', '2018-07-12 08:49:59'),
(519, 'Glaskochfeld', '', 1, '0.00', '0.00', 504, 565, 566, 1, 1825, '2018-07-11 17:30:22', '2018-07-12 08:50:11'),
(520, 'Dampfgarer', '', 1, '0.00', '0.00', 88, 230, 231, 1, 1825, '2018-07-11 17:32:18', '2018-07-11 17:32:31'),
(521, 'Wechselrichter', '', 1, '0.00', '0.00', 87, 56, 57, 1, 1825, '2018-07-11 17:32:53', '2018-07-11 17:33:08'),
(522, 'Fitnessgerät', '', 1, '0.00', '0.00', 504, 567, 568, 1, 1825, '2018-07-12 11:16:22', '2018-07-12 11:16:35'),
(523, 'Garten', 'garten', 1, '0.00', '0.00', 88, 232, 233, 1, 1825, '2018-07-12 11:48:41', '2018-07-12 11:48:41'),
(524, 'Radio', 'radio', 1, '0.00', '0.00', 87, 58, 59, -1, 14475, '2018-07-12 14:13:21', '2018-07-25 11:50:25'),
(525, 'Einweckkocher', 'einweckkocher', 1, '0.00', '0.00', 88, 234, 235, 1, 4719, '2018-09-06 08:30:53', '2018-09-10 09:40:47'),
(526, 'Kochthermometer', 'kochthermometer', 1, '0.00', '0.00', 88, 236, 237, 1, 14795, '2018-09-24 10:22:13', '2018-09-24 11:49:41'),
(527, 'Massagegerät', 'massage-geraet', 1, '0.00', '0.00', 87, 60, 61, 1, 14795, '2018-09-24 10:24:42', '2018-09-24 11:49:28'),
(528, 'Rasenmäher', 'rasenmaeher', 1, '0.00', '0.00', 87, 62, 63, 1, 2519, '2018-09-27 20:44:05', '2018-10-01 08:26:49'),
(529, 'Messer und Scheren schärfen/schleifen', 'messer-und-scheren-schaerfen-schleifen', 1, '0.00', '0.00', 94, 502, 503, 1, 2519, '2018-09-27 20:55:09', '2018-10-01 08:27:42'),
(530, 'Schleuder', 'schleuder', 1, '0.00', '0.00', 88, 238, 239, 1, 2519, '2018-09-27 21:33:00', '2018-10-01 08:28:50'),
(531, 'Herrenfahrrad', 'herrenfahrrad', 1, '0.00', '0.00', 96, 576, 577, 1, 2519, '2018-09-27 21:39:04', '2018-10-01 08:27:25'),
(532, 'Damenfahrrad', 'damenfahrrad', 1, '0.00', '0.00', 96, 578, 579, 1, 2519, '2018-09-27 21:42:09', '2018-10-01 08:27:13'),
(533, 'Garten', 'gartengeraet', 1, '0.00', '0.00', 87, 64, 65, 1, 5455, '2018-10-02 12:54:40', '2018-10-08 08:43:53'),
(534, 'Induktionsplatte', 'doppelinduktionsplatte', 1, '0.00', '0.00', 88, 240, 241, 1, 5455, '2018-10-02 13:18:10', '2018-10-08 08:44:05'),
(535, 'Dampfkochtopf', 'dampfkochtopf', 1, '0.00', '0.00', 88, 242, 243, 1, 5455, '2018-10-22 09:17:43', '2018-11-05 10:06:59'),
(536, 'Teesieb', 'teesieb-stahl', 1, '0.00', '0.00', 88, 244, 245, 1, 14795, '2018-10-29 12:13:17', '2018-11-05 10:10:42'),
(537, 'Greifzange', 'greifzange', 1, '0.00', '0.00', 88, 246, 247, 1, 14795, '2018-10-29 12:14:52', '2018-11-05 10:10:23'),
(538, 'Körperpflege', 'koerperpflege', 1, '0.00', '0.00', 87, 66, 67, 1, 14795, '2018-10-29 12:26:58', '2018-11-05 10:10:06'),
(539, 'LED-Licht/LED-Leuchte', 'led-licht', 1, '0.00', '0.00', 87, 68, 69, 1, 2710, '2018-10-30 15:08:26', '2018-11-05 10:07:13'),
(540, 'Wanderstöcke', 'wanderstuecke', 1, '0.00', '0.00', 88, 248, 249, 1, 2710, '2018-11-01 18:22:19', '2018-11-05 10:11:18'),
(541, 'Stuhl', 'stuhl', 1, '0.00', '0.00', 88, 250, 251, 1, 2710, '2018-11-01 18:25:30', '2018-11-05 10:10:31'),
(542, 'Grill', 'grill', 1, '0.00', '0.00', 88, 252, 253, 1, 2710, '2018-11-07 19:38:50', '2018-11-12 09:06:10'),
(543, 'Keyboard', 'keyboard', 1, '0.00', '0.00', 89, 432, 433, 1, 2710, '2018-11-07 19:42:11', '2018-11-12 09:06:21'),
(544, 'Verstärker', 'verstaerker', 1, '0.00', '0.00', 87, 70, 71, 1, 2710, '2018-11-07 19:49:26', '2018-11-12 09:05:45'),
(545, 'Espressokocher', 'espressokocher', 1, '0.00', '0.00', 88, 254, 255, 1, 2710, '2018-11-07 19:51:35', '2018-11-12 09:06:02'),
(546, 'Schleifer', 'schleifer', 1, '0.00', '0.00', 87, 72, 73, 1, 2710, '2018-11-07 20:14:19', '2018-11-12 09:05:38'),
(547, 'Multimeter', 'multimeter', 1, '0.00', '0.00', 87, 74, 75, 1, 2710, '2018-11-07 20:16:49', '2018-11-12 09:05:31'),
(548, 'Kreissäge', 'kreissaege', 1, '0.00', '0.00', 87, 76, 77, -1, 2710, '2018-11-13 19:53:12', '2018-11-20 12:58:52'),
(549, 'Heizung', 'heizung', 1, '0.00', '0.00', 87, 78, 79, 1, 2710, '2018-11-15 19:22:39', '2018-11-20 12:58:47'),
(550, 'Jacke', 'jacke', 1, '0.00', '0.00', 95, 518, 519, -1, 2710, '2018-11-15 19:25:14', '2018-11-20 12:59:02'),
(551, 'Spieluhr', 'spieluhr', 1, '0.00', '0.00', 88, 256, 257, 1, 5455, '2018-11-19 13:57:35', '2018-11-20 12:58:58'),
(552, 'Puppe', 'puppe', 1, '0.00', '0.00', 95, 520, 521, 1, 16204, '2018-11-21 20:55:44', '2018-12-13 09:04:17'),
(553, 'Bilderrahmen', 'bilderrahmen', 1, '0.00', '0.00', 87, 80, 81, -1, 2710, '2018-12-11 20:30:50', '2018-12-12 11:49:31'),
(554, 'Werkzeug', 'werkzeug', 1, '0.00', '0.00', 87, 82, 83, 1, 2710, '2018-12-12 13:54:49', '2018-12-13 09:02:41'),
(555, 'Scheibenwischer', 'scheibenwischer', 1, '0.00', '0.00', 87, 90, 91, 1, 2710, '2018-12-12 14:07:22', '2018-12-13 09:03:30'),
(556, 'Kabeltrommel', 'kabeltrommel', 1, '0.00', '0.00', 87, 84, 85, 1, 2710, '2018-12-12 14:13:34', '2018-12-13 09:02:25'),
(557, 'Lichterkette', 'weihnachtsbaumbeleuchtung', 1, '0.00', '0.00', 87, 92, 93, 1, 2710, '2018-12-12 14:29:53', '2018-12-13 09:03:51'),
(558, 'Babyphone', 'babyphone', 1, '0.00', '0.00', 87, 86, 87, 1, 2710, '2018-12-12 14:37:49', '2018-12-13 09:02:18'),
(559, 'Dekoration', 'dekoration', 1, '0.00', '0.00', 88, 258, 259, 1, 2710, '2018-12-12 15:44:29', '2018-12-13 09:02:50'),
(560, 'Spannungsmesser', 'spannungsmesser', 1, '0.00', '0.00', 87, 88, 89, 1, 2710, '2018-12-12 19:10:58', '2018-12-13 09:02:33'),
(561, 'Drehmel', 'drehmel', 1, '0.00', '0.00', 87, 94, 95, -1, 2710, '2018-12-18 20:33:18', '2019-06-17 10:18:42'),
(562, 'Schalter', 'schalter', 1, '0.00', '0.00', 87, 96, 97, 1, 2710, '2018-12-18 20:37:23', '2018-12-20 10:33:17'),
(563, 'Schraubstock', 'schraubstock', 1, '0.00', '0.00', 88, 260, 261, 1, 2710, '2018-12-18 20:38:27', '2018-12-20 10:34:12'),
(564, 'Fahrradlicht', 'fahrradlicht', 1, '0.00', '0.00', 96, 580, 581, -1, 2710, '2018-12-19 18:16:52', '2018-12-20 10:34:02'),
(565, 'Netzteil', 'netzteil', 1, '0.00', '0.00', 90, 476, 477, 1, 2710, '2018-12-19 19:18:15', '2018-12-20 10:33:03'),
(566, 'Kerzenhalter', 'kerzenhalter', 1, '0.00', '0.00', 88, 262, 263, 1, 2710, '2018-12-19 19:23:05', '2018-12-20 10:33:28'),
(567, 'Display', 'display', 1, '0.00', '0.00', 178, 634, 635, 1, 2710, '2018-12-19 19:40:03', '2018-12-20 10:32:38'),
(568, 'Feuerzeug', 'feuerzeug', 1, '0.00', '0.00', 88, 264, 265, 1, 6526, '2019-01-11 20:17:54', '2019-01-14 09:00:01'),
(569, 'Seifenspender', 'seifenspender', 1, '0.00', '0.00', 88, 266, 267, 1, 6526, '2019-01-11 20:35:36', '2019-01-14 09:00:24'),
(570, 'Beamer', 'beamer', 1, '0.00', '0.00', 90, 478, 479, 1, 6526, '2019-01-11 20:43:22', '2019-01-14 08:59:47'),
(571, 'Stichsäge', 'stichsaege', 1, '0.00', '0.00', 87, 98, 99, 1, 2710, '2019-01-27 11:50:17', '2019-01-28 10:01:29'),
(572, 'Musikanlage', 'musikanlage', 1, '0.00', '0.00', 89, 434, 435, -1, 2710, '2019-01-27 12:33:50', '2019-01-28 10:02:02'),
(573, 'Spulentonbandgerät', 'spulentonbandgeraet', 1, '0.00', '0.00', 89, 436, 437, 1, 3383, '2019-01-27 15:25:03', '2019-01-28 10:02:17'),
(574, 'Tablett', 'tablett', 1, '0.00', '0.00', 90, 480, 481, -1, 3383, '2019-01-28 15:16:11', '2019-02-04 10:06:15'),
(575, 'Metronom', 'metronom', 1, '0.00', '0.00', 87, 100, 101, 1, 5455, '2019-01-29 13:04:00', '2019-02-04 10:06:20'),
(576, 'Schuhe', 'schuhe', 1, '0.00', '0.00', 95, 522, 523, 1, 2710, '2019-01-31 16:59:26', '2019-02-04 10:07:00'),
(577, 'Kettensäge', 'kettensaege', 1, '0.00', '0.00', 88, 268, 269, 1, 2710, '2019-01-31 17:09:48', '2019-02-04 10:06:28'),
(578, 'Kabel', 'kabel', 1, '0.00', '0.00', 87, 102, 103, 1, 2710, '2019-02-12 18:47:32', '2019-02-19 09:04:23'),
(579, 'Topf', 'top', 1, '0.00', '0.00', 88, 270, 271, 1, 2710, '2019-02-12 19:51:31', '2019-02-19 09:04:03'),
(580, 'Festplatte', 'festplatte', 1, '0.00', '0.00', 90, 482, 483, 1, 2710, '2019-02-12 19:59:33', '2019-02-19 09:04:41'),
(581, 'Töpferscheibe', 'toepferscheibe', 1, '0.00', '0.00', 88, 272, 273, 1, 2710, '2019-02-12 20:00:08', '2019-02-19 09:05:36'),
(582, 'Sprühflasche', 'spruehflasche', 1, '0.00', '0.00', 88, 274, 275, 1, 2710, '2019-02-12 20:05:37', '2019-02-19 09:05:46'),
(583, 'Reinigungszubehör', 'reinigungszubehoer', 1, '0.00', '0.00', 88, 276, 277, 1, 8746, '2019-02-22 08:47:11', '2019-02-26 10:32:08'),
(584, 'Faxgerät', 'fax-geraet', 1, '0.00', '0.00', 87, 104, 105, 1, 8746, '2019-02-22 09:06:47', '2019-02-26 10:31:12'),
(585, 'Spielzeug', 'spielzeug', 1, '0.00', '0.00', 88, 278, 279, 1, 8746, '2019-02-22 09:12:30', '2019-02-26 10:33:06'),
(586, 'Geschirr', 'geschirr', 1, '0.00', '0.00', 88, 280, 281, 1, 2710, '2019-02-27 17:48:17', '2019-03-04 09:34:08'),
(587, 'Kühltruhe', 'kuehltruhe', 1, '0.00', '0.00', 88, 282, 283, 1, 2710, '2019-03-01 13:19:28', '2019-03-04 09:35:17'),
(588, 'E-Fahrrad', 'e-fahrrad', 1, '0.00', '0.00', 96, 582, 583, 1, 2710, '2019-03-14 18:56:19', '2019-03-18 09:28:37'),
(589, 'Steckdosenleiste', 'steckdosenleiste', 1, '0.00', '0.00', 87, 106, 107, 1, 2710, '2019-03-14 19:04:17', '2019-03-18 09:28:16'),
(590, 'Autodisplay', 'autodisplay', 1, '0.00', '0.00', 87, 108, 109, 1, 2710, '2019-03-14 19:08:40', '2019-03-18 09:27:34'),
(591, 'Strommessgerät', 'strommessgeraet', 1, '0.00', '0.00', 87, 110, 111, -1, 2710, '2019-03-14 19:19:00', '2019-03-18 09:29:22'),
(592, 'Wäscheständer', 'waeschestaender', 1, '0.00', '0.00', 88, 284, 285, 1, 2710, '2019-03-14 19:23:29', '2019-03-18 09:29:47'),
(593, 'Aktenvernichter', 'bueroartikel', 1, '0.00', '0.00', 87, 112, 113, 1, 7526, '2019-03-21 14:39:14', '2019-03-26 09:05:20'),
(594, 'Schreibmaschine', 'schreibmaschine', 1, '0.00', '0.00', 87, 118, 119, 1, 4719, '2019-04-08 16:26:09', '2019-04-11 14:15:03'),
(595, 'Gitarre', 'gitarre', 1, '0.00', '0.00', 113, 600, 601, 1, 4719, '2019-04-08 16:32:52', '2019-04-11 14:12:48'),
(596, 'Holz', 'holz', 1, '0.00', '0.00', 113, 602, 603, -1, 4719, '2019-04-08 16:34:08', '2019-04-11 14:12:57'),
(597, 'Raclette', 'raclett', 1, '0.00', '0.00', 87, 116, 117, 1, 4719, '2019-04-08 17:09:56', '2019-04-11 14:12:28'),
(598, 'Sprechanlage', 'sprechanlage', 1, '0.00', '0.00', 87, 114, 115, 1, 4719, '2019-04-09 07:51:31', '2019-04-11 14:12:18'),
(599, 'Waschmaschine', 'waschmaschine', 1, '0.00', '0.00', 88, 286, 287, 1, 4719, '2019-04-09 08:04:43', '2019-04-11 14:12:36'),
(600, 'Mobiltelefon', 'mobiltelefon', 1, '0.00', '0.00', 178, 636, 637, 1, 1825, '2019-04-11 12:32:02', '2019-04-11 12:32:02'),
(601, 'Luftentfeuchter', 'luftentfeuchter', 1, '0.00', '0.00', 88, 288, 289, 1, 4719, '2019-04-12 10:56:57', '2019-05-06 09:07:01'),
(602, 'Dekoration', 'holzfigur', 1, '0.00', '0.00', 113, 604, 605, 1, 4719, '2019-04-12 11:30:35', '2019-05-06 09:06:43'),
(603, 'Teekanne', 'teekanne', 1, '0.00', '0.00', 88, 290, 291, -1, 4719, '2019-04-12 11:31:48', '2019-05-06 09:09:04'),
(604, 'Rassierer', 'rassierer', 1, '0.00', '0.00', 87, 120, 121, -1, 4719, '2019-04-12 11:35:47', '2019-05-06 09:05:37'),
(605, 'Spülmaschine', 'geschirrspueler', 1, '0.00', '0.00', 88, 292, 293, 1, 2710, '2019-04-17 12:55:05', '2019-05-06 09:05:07'),
(606, 'Dörrgerät', 'doerrgeraet', 1, '0.00', '0.00', 88, 294, 295, 1, 2710, '2019-04-17 13:06:19', '2019-05-06 09:04:47'),
(607, 'Diktiergerät', 'diktiergeraet', 1, '0.00', '0.00', 87, 122, 123, 1, 2710, '2019-04-17 13:13:22', '2019-05-06 09:04:36'),
(608, 'Wasserpumpe', 'wasserpumpe', 1, '0.00', '0.00', 88, 296, 297, 1, 2710, '2019-04-17 14:21:21', '2019-05-06 09:04:22'),
(609, 'Auto', 'auto', 1, '0.00', '0.00', 87, 124, 125, -1, 2710, '2019-04-17 14:24:11', '2019-05-06 09:04:03'),
(610, 'Roboter', 'roboter', 1, '0.00', '0.00', 89, 438, 439, 1, 2710, '2019-04-17 14:33:25', '2019-05-06 09:10:49'),
(611, 'Lüfter', 'luefter', 1, '0.00', '0.00', 87, 126, 127, 1, 2710, '2019-04-17 14:39:32', '2019-05-06 09:02:40'),
(612, 'Vogelhäuschen', 'vogelhaeuschen', 1, '0.00', '0.00', 113, 606, 607, 1, 2710, '2019-04-17 14:49:28', '2019-05-06 09:10:18'),
(613, 'Grabegabel', 'grabegabel', 1, '0.00', '0.00', 88, 298, 299, -1, 2710, '2019-04-17 14:50:13', '2019-05-06 09:09:52'),
(614, 'Flyerhalter', 'flyerhalter', 1, '0.00', '0.00', 126, 612, 613, 1, 2710, '2019-04-17 14:54:29', '2019-05-06 09:10:45'),
(615, 'Verstärker', 'verstaerker', 1, '0.00', '0.00', 89, 440, 441, -1, 14078, '2019-04-17 15:46:23', '2019-05-06 09:11:09'),
(616, 'Milchaufschäumer', 'milchaufschaeumer', 1, '0.00', '0.00', 88, 300, 301, -1, 14078, '2019-04-17 15:52:18', '2019-07-09 09:11:53'),
(617, 'Schreibmaschine', 'schreibmaschine', 1, '0.00', '0.00', 88, 302, 303, 1, 14078, '2019-04-23 09:29:05', '2019-05-06 09:08:31'),
(618, 'Radio-Kassetten-Recorder', 'radio-kassetten-recorder', 1, '0.00', '0.00', 89, 442, 443, -1, 14078, '2019-04-24 14:07:25', '2019-05-06 09:08:06'),
(619, 'Fritteuse', 'heissluftfritteuse', 1, '0.00', '0.00', 88, 304, 305, 1, 14078, '2019-04-24 14:12:14', '2019-05-06 09:07:52'),
(620, 'Dampfreiniger', 'dampfreiniger-und-sauger', 1, '0.00', '0.00', 88, 306, 307, 1, 14078, '2019-04-24 14:30:49', '2019-05-06 09:07:32'),
(621, 'Uhrenbeweger', 'uhrenbeweger', 1, '0.00', '0.00', 87, 128, 129, -1, 15426, '2019-05-08 16:12:45', '2019-05-13 09:09:19'),
(622, 'Uhr', 'uhr', 1, '0.00', '0.00', 87, 130, 131, 1, 15426, '2019-05-08 16:14:20', '2019-05-13 09:08:45'),
(623, 'Drohne', 'drohne', 1, '0.00', '0.00', 87, 132, 133, 1, 15426, '2019-05-08 16:17:54', '2019-05-13 09:08:41'),
(624, 'Haarschneidemaschine', 'haarschneidemaschine', 1, '0.00', '0.00', 88, 308, 309, 1, 2710, '2019-05-09 13:40:19', '2019-05-13 09:09:23'),
(625, 'Blitzgerät', 'blitzgeraet', 1, '0.00', '0.00', 87, 134, 135, 1, 2710, '2019-05-09 14:37:31', '2019-05-13 09:08:37'),
(626, 'Klobürste', 'klobuerste', 1, '0.00', '0.00', 88, 310, 311, 1, 2710, '2019-05-09 14:51:35', '2019-05-13 09:09:27'),
(627, 'Untersetzer', 'untersetzer', 1, '0.00', '0.00', 88, 312, 313, 1, 2710, '2019-05-09 14:54:54', '2019-05-13 09:09:30'),
(628, 'Wasserhahn', 'wasserhahn', 1, '0.00', '0.00', 88, 314, 315, 1, 2710, '2019-05-09 14:55:21', '2019-05-13 09:09:36'),
(629, 'Schild', 'schild', 1, '0.00', '0.00', 126, 614, 615, 1, 2710, '2019-05-09 14:57:22', '2019-05-13 09:09:11'),
(630, '3D-Reparatur', 'drei-d-reparatur', 1, '0.00', '0.00', NULL, 663, 664, 1, 4722, '2019-05-13 11:39:09', '2019-05-13 11:39:20'),
(631, 'Webcam', 'webcam', 1, '0.00', '0.00', 87, 136, 137, 1, 2710, '2019-05-16 15:22:15', '2019-05-20 08:51:30'),
(632, 'Kühlschrank', 'kuehlschrank', 1, '0.00', '0.00', 88, 316, 317, 1, 2710, '2019-05-16 15:25:03', '2019-05-20 08:52:05'),
(633, 'Kamera, analog', 'kamera', 1, '0.00', '0.00', 87, 138, 139, 1, 2710, '2019-05-16 15:30:41', '2019-05-20 08:51:19'),
(634, 'Insektenhotel', 'insektenhotel', 1, '0.00', '0.00', 126, 618, 619, 1, 2710, '2019-05-16 15:31:44', '2019-05-20 08:52:27'),
(635, 'Hochbeet', 'hochbeet', 1, '0.00', '0.00', 126, 616, 617, 1, 2710, '2019-05-16 15:36:40', '2019-05-20 08:51:52'),
(636, 'Ultraschallreiniger', 'ultraschallreiniger', 1, '0.00', '0.00', 88, 318, 319, 1, 3313, '2019-05-25 13:42:55', '2019-05-28 10:16:02'),
(637, 'Heißluftpistole', 'heissluftpistole', 1, '0.00', '0.00', 87, 140, 141, 1, 3313, '2019-05-27 22:16:16', '2019-05-28 10:15:50'),
(638, 'Adapter', 'netzwerk', 1, '0.00', '0.00', 90, 484, 485, 1, 3313, '2019-05-28 21:46:37', '2019-06-03 09:52:36'),
(639, 'USB-Hub', 'usb-hub', 1, '0.00', '0.00', 90, 486, 487, 1, 14078, '2019-05-31 17:46:28', '2019-06-03 09:52:45'),
(640, 'Heißklebepistole', 'heissklebepistole', 1, '0.00', '0.00', 87, 142, 143, 1, 3313, '2019-05-31 22:59:54', '2019-06-03 09:53:23'),
(641, 'Kühlbox', 'kuehlbox', 1, '0.00', '0.00', 87, 144, 145, 1, 14078, '2019-06-01 10:12:38', '2019-06-03 09:54:05'),
(642, 'Pelletofen', 'pelletofen', 1, '0.00', '0.00', 87, 146, 147, 1, 14078, '2019-06-01 15:26:13', '2019-06-03 10:00:22'),
(643, 'Kinderwagen', 'kinderwagen', 1, '0.00', '0.00', 88, 320, 321, 1, 14078, '2019-06-01 15:36:37', '2019-06-03 10:00:50'),
(644, 'Thermostat', 'thermostat', 1, '0.00', '0.00', 87, 148, 149, 1, 14078, '2019-06-01 19:20:11', '2019-06-03 10:00:32'),
(645, 'Transportwagen', 'transportwagen', 1, '0.00', '0.00', 88, 322, 323, 1, 14078, '2019-06-01 19:26:58', '2019-06-03 10:01:07'),
(646, 'Headset', 'headset', 1, '0.00', '0.00', 178, 638, 639, 1, 14078, '2019-06-01 19:39:13', '2019-06-03 10:00:41'),
(647, 'Projektor', 'projektor', 1, '0.00', '0.00', 89, 444, 445, 1, 14078, '2019-06-01 19:46:12', '2019-06-03 10:01:20'),
(648, 'Gameboy', 'gameboy', 1, '0.00', '0.00', 90, 488, 489, 1, 14078, '2019-06-02 17:00:40', '2019-06-03 09:52:03'),
(649, 'Labornetzgerät', 'labornetzgeraet', 1, '0.00', '0.00', 87, 150, 151, 1, 14078, '2019-06-03 13:57:57', '2019-06-11 09:37:45'),
(650, 'Geschirr', 'geschirr', 1, '0.00', '0.00', 88, 324, 325, -1, 14078, '2019-06-03 14:11:48', '2019-06-11 09:39:13'),
(651, 'Graviergerät', 'graviergeraet', 1, '0.00', '0.00', 87, 152, 153, 1, 14078, '2019-06-03 14:15:56', '2019-06-11 09:37:34'),
(652, 'Wassersprudler', 'wassersprudeler', 1, '0.00', '0.00', 88, 326, 327, 1, 5108, '2019-06-03 16:20:45', '2019-06-11 09:39:50'),
(653, 'Steuergerät', 'steuergeraet', 1, '0.00', '0.00', 87, 154, 155, 1, 14078, '2019-06-04 10:57:19', '2019-06-11 09:38:07'),
(654, 'USB-Stick', 'usb-stick', 1, '0.00', '0.00', 90, 490, 491, 1, 14078, '2019-06-05 20:49:06', '2019-06-11 09:37:14'),
(655, 'Frequenzumrichter', 'frequenzumrichter', 1, '0.00', '0.00', 87, 156, 157, 1, 14078, '2019-06-05 21:00:28', '2019-06-11 09:37:21'),
(656, 'Autoschlüssel', 'autoschluessel', 1, '0.00', '0.00', 87, 158, 159, 1, 14078, '2019-06-05 21:27:11', '2019-06-11 09:37:06'),
(657, 'sonstiges', 'sonstiges', 1, '0.00', '0.00', 398, 656, 657, -1, 3313, '2019-06-05 21:38:26', '2019-06-11 09:40:03'),
(658, 'sonstiges', 'sonstiges', 1, '0.00', '0.00', 88, 328, 329, -1, 3313, '2019-06-05 21:39:58', '2019-06-11 09:39:59'),
(659, 'Brosche', 'brosche', 1, '0.00', '0.00', 398, 658, 659, 1, 1825, '2019-06-06 11:18:04', '2019-06-06 11:18:04'),
(660, 'Luftbefeuchter', 'luftbefeuchter', 1, '0.00', '0.00', 88, 330, 331, 1, 1825, '2019-06-06 12:00:55', '2019-06-06 12:00:55'),
(661, 'Vakumiergerät', 'vakumiergeraet', 1, '0.00', '0.00', 87, 160, 161, 1, 1825, '2019-06-06 12:15:26', '2019-06-06 12:15:26'),
(662, 'Schwertsäge', 'schwertsaege', 1, '0.00', '0.00', 87, 162, 163, 1, 1825, '2019-06-06 12:27:54', '2019-06-06 12:27:54'),
(663, 'Föhn', 'foehn', 1, '0.00', '0.00', 88, 332, 333, 1, 1825, '2019-06-06 12:55:43', '2019-06-06 12:55:43'),
(664, 'Trinkwassersprudler', 'trinkwassersprudler', 1, '0.00', '0.00', 88, 334, 335, -1, 14078, '2019-06-06 13:15:43', '2019-06-11 09:39:53'),
(665, 'Schnapprollo', 'schnapprollo', 1, '0.00', '0.00', 88, 336, 337, 1, 14078, '2019-06-06 13:19:54', '2019-06-11 09:39:32'),
(666, 'Münzzählautomat', 'muenzzaehlautomat', 1, '0.00', '0.00', 87, 164, 165, 1, 14078, '2019-06-07 08:11:08', '2019-06-11 09:37:52'),
(667, 'Pillenbox', 'pillenbox', 1, '0.00', '0.00', 88, 338, 339, 1, 14078, '2019-06-07 14:50:19', '2019-06-11 09:39:23'),
(668, 'Locher', 'locher', 1, '0.00', '0.00', 88, 340, 341, 1, 14078, '2019-06-07 14:51:34', '2019-06-11 09:39:17'),
(669, 'Lupe', 'lupe', 1, '0.00', '0.00', 88, 342, 343, 1, 14078, '2019-06-07 14:55:28', '2019-06-11 09:39:20'),
(670, 'Kopierer', 'kopierer', 1, '0.00', '0.00', 90, 492, 493, 1, 14078, '2019-06-07 23:36:49', '2019-06-11 09:36:50'),
(671, 'Router', 'router', 1, '0.00', '0.00', 90, 494, 495, 1, 14078, '2019-06-08 16:00:31', '2019-06-11 09:36:59'),
(672, 'Rührgerät', 'ruehrgeraet', 1, '0.00', '0.00', 88, 344, 345, -1, 14078, '2019-06-10 10:04:35', '2019-06-11 09:39:28'),
(673, 'Ladegerät', 'ladegeraet', 1, '0.00', '0.00', 87, 166, 167, 1, 3313, '2019-06-10 12:32:47', '2019-06-11 09:38:00'),
(674, 'Schredder', 'schredderer', 1, '0.00', '0.00', 88, 346, 347, 1, 14078, '2019-06-11 08:28:29', '2019-06-11 09:39:39'),
(675, 'Ohrring', 'ohrring', 1, '0.00', '0.00', 398, 660, 661, 1, 1825, '2019-06-11 09:16:30', '2019-06-11 09:16:30'),
(676, 'Kleiderbügel', 'kleidebruegel', 1, '0.00', '0.00', 88, 348, 349, 1, 1825, '2019-06-11 09:25:49', '2019-07-09 09:12:30'),
(677, 'Inhalator', 'inhalator', 1, '0.00', '0.00', 88, 350, 351, 1, 1825, '2019-06-11 09:28:35', '2019-06-11 09:28:35'),
(678, 'Messerschärfer', 'messerschaerfer', 1, '0.00', '0.00', 88, 352, 353, 1, 1825, '2019-06-11 09:29:07', '2019-06-11 09:29:07'),
(679, 'Reibe, elektrisch', 'reibe-elektrisch', 1, '0.00', '0.00', 88, 354, 355, 1, 1825, '2019-06-11 09:30:13', '2019-06-11 09:30:13'),
(680, 'Regal', 'regal', 1, '0.00', '0.00', 113, 608, 609, 1, 1825, '2019-06-11 09:30:59', '2019-06-11 09:30:59'),
(681, 'Salatschleuder', 'salatschleuder', 1, '0.00', '0.00', 88, 356, 357, 1, 1825, '2019-06-11 09:32:15', '2019-06-11 09:32:15'),
(682, 'Backautomat', 'backautomat', 1, '0.00', '0.00', 88, 358, 359, 1, 1825, '2019-06-11 09:32:34', '2019-06-11 09:32:34'),
(683, 'Postkartenautomat', 'postkartenautomat', 1, '0.00', '0.00', 88, 360, 361, 1, 1825, '2019-06-11 09:33:34', '2019-06-11 09:33:34'),
(684, 'Prägemaschine', 'praegemaschine', 1, '0.00', '0.00', 88, 362, 363, 1, 1825, '2019-06-11 09:34:08', '2019-06-11 09:34:08'),
(685, 'Strickmaschine', 'strickmaschine', 1, '0.00', '0.00', 88, 364, 365, 1, 1825, '2019-06-11 09:34:32', '2019-06-17 09:25:11'),
(686, 'Tacker', 'tacker', 1, '0.00', '0.00', 88, 366, 367, 1, 1825, '2019-06-11 09:34:53', '2019-06-11 09:34:53'),
(687, 'Laminiergerät', 'laminiergeraet', 1, '0.00', '0.00', 88, 368, 369, 1, 1825, '2019-06-11 09:35:16', '2019-06-11 09:35:16'),
(688, 'Türsprechanlage', 'tuersprechanlage', 1, '0.00', '0.00', 87, 168, 169, 1, 14078, '2019-06-11 14:23:48', '2019-06-17 10:19:19'),
(689, 'Powerbank', 'powerbank', 1, '0.00', '0.00', 178, 640, 641, 1, 14078, '2019-06-11 14:34:06', '2019-06-17 10:22:13'),
(690, 'Audiorecorder', 'audiorecorder', 1, '0.00', '0.00', 89, 446, 447, 1, 14078, '2019-06-12 10:30:15', '2019-06-17 10:22:50'),
(691, 'Diskettenlaufwerk', 'diskettenlaufwerk', 1, '0.00', '0.00', 90, 496, 497, 1, 14078, '2019-06-12 10:47:52', '2019-06-17 10:17:54'),
(692, 'Dremel', 'dremel', 1, '0.00', '0.00', 87, 170, 171, 1, 14078, '2019-06-12 10:58:33', '2019-06-17 10:18:52'),
(693, 'Netzteil', 'netzteil', 1, '0.00', '0.00', 87, 172, 173, 1, 14078, '2019-06-12 13:48:49', '2019-06-17 10:21:40'),
(694, 'Inlineskater', 'inlineskater', 1, '0.00', '0.00', 96, 584, 585, 1, 14078, '2019-06-12 21:50:49', '2019-06-17 10:21:54'),
(695, 'Halterung', 'halterung', 1, '0.00', '0.00', 94, 504, 505, 1, 14078, '2019-06-14 11:13:19', '2019-06-17 10:22:28'),
(696, 'Leiterplatte', 'leiterplatte', 1, '0.00', '0.00', 89, 448, 449, 1, 14078, '2019-06-14 23:45:17', '2019-06-17 10:23:06'),
(697, 'Fensterreiniger', 'fensterreiniger', 1, '0.00', '0.00', 88, 370, 371, 1, 14078, '2019-06-15 16:44:21', '2019-06-17 10:22:02'),
(698, 'Betonmischer', 'betonmischer', 1, '0.00', '0.00', 87, 174, 175, 1, 14078, '2019-06-15 16:53:45', '2019-06-17 10:18:01'),
(699, 'Katzenklappe', 'katzenklappe', 1, '0.00', '0.00', 87, 176, 177, 1, 14078, '2019-06-15 16:58:45', '2019-06-17 10:18:59'),
(700, 'Gewürzmühle', 'gewuerzmuehle', 1, '0.00', '0.00', 88, 372, 373, 1, 1825, '2019-06-17 10:21:12', '2019-06-17 10:21:12'),
(701, 'Messgerät', 'messgeraet', 1, '0.00', '0.00', 87, 178, 179, 1, 14078, '2019-06-24 13:26:57', '2019-07-01 09:50:07'),
(702, 'Single-Board-Computer', 'single-board-computer', 1, '0.00', '0.00', 90, 498, 499, 1, 14078, '2019-06-27 14:34:34', '2019-07-01 09:49:56'),
(703, 'Allesschneider', 'allesschneider', 1, '0.00', '0.00', 88, 374, 375, 1, 14078, '2019-06-28 09:08:39', '2019-07-01 09:50:17'),
(704, 'Multimedia-Center', 'multimedia-center', 1, '0.00', '0.00', 89, 450, 451, 1, 14078, '2019-06-28 09:24:09', '2019-07-01 09:50:33'),
(705, 'Werkzeug', 'werkzeug', 1, '0.00', '0.00', 88, 376, 377, 1, 2710, '2019-07-02 12:46:30', '2019-07-09 09:13:48'),
(706, 'Besteck', 'besteck', 1, '0.00', '0.00', 88, 378, 379, 1, 2710, '2019-07-02 12:50:29', '2019-07-09 09:10:50'),
(707, 'Schleifstein', 'schleifstein', 1, '0.00', '0.00', 88, 380, 381, -1, 2710, '2019-07-02 12:51:24', '2019-07-09 09:18:47'),
(708, 'Kindersitz', 'kindersitz', 1, '0.00', '0.00', 96, 586, 587, 1, 2710, '2019-07-02 13:13:30', '2019-07-09 09:11:08'),
(709, 'Werkzeug', 'werkzeug', 1, '0.00', '0.00', 88, 382, 383, -1, 2710, '2019-07-02 13:14:21', '2019-07-09 09:13:38'),
(710, 'E-Roller', 'e-roller', 1, '0.00', '0.00', 96, 588, 589, 1, 2710, '2019-07-02 13:24:34', '2019-07-09 09:10:20'),
(711, 'Spielekonsole', 'spielekonsole', 1, '0.00', '0.00', 89, 452, 453, -1, 2710, '2019-07-02 14:14:56', '2019-07-09 09:13:25'),
(712, 'Fahrradlicht', 'fahrradlicht', 1, '0.00', '0.00', 96, 590, 591, 1, 2710, '2019-07-02 14:20:55', '2019-07-09 09:10:34'),
(713, 'Ventilator', 'ventilator', 1, '0.00', '0.00', 88, 384, 385, 1, 2710, '2019-07-02 14:53:40', '2019-07-09 09:13:12'),
(714, 'Mischpult', 'mischpult', 1, '0.00', '0.00', 89, 454, 455, 1, 14078, '2019-07-19 19:34:56', '2019-07-22 09:59:51'),
(715, 'Hochdruckreiniger', 'hochdruckreiniger', 1, '0.00', '0.00', 88, 386, 387, 1, 3313, '2019-07-25 21:29:32', '2019-07-31 10:46:54'),
(716, 'Kinderfahrrad', 'kinderfahrrad', 1, '0.00', '0.00', 96, 592, 593, 1, 2710, '2019-08-07 16:22:04', '2019-08-12 09:48:16'),
(717, 'Vorhang', 'vorhang', 1, '0.00', '0.00', 95, 524, 525, -1, 2710, '2019-08-07 16:37:14', '2019-08-12 09:48:40'),
(718, 'Sicherungskasten', 'sicherungskasten', 1, '0.00', '0.00', 87, 180, 181, 1, 2710, '2019-08-07 18:35:03', '2019-08-12 09:49:03');

-- --------------------------------------------------------

--
-- Tabellenstruktur für Tabelle `countries`
--

DROP TABLE IF EXISTS `countries`;
CREATE TABLE `countries` (
  `code` char(2) CHARACTER SET utf8 NOT NULL,
  `name_en` varchar(50) COLLATE utf8_unicode_ci NOT NULL,
  `name_de` varchar(50) COLLATE utf8_unicode_ci NOT NULL,
  `rank` int(4) NOT NULL
) ENGINE=InnoDB DEFAULT CHARSET=utf8 COLLATE=utf8_unicode_ci;

--
-- Daten für Tabelle `countries`
--

INSERT INTO `countries` (`code`, `name_en`, `name_de`, `rank`) VALUES
('AD', 'Andorra', 'Andorra', 100),
('AE', 'United Arab Emirates', 'Vereinigte Arabische Emirate', 100),
('AF', 'Afghanistan', 'Afghanistan', 100),
('AG', 'Antigua and Barbuda', 'Antigua und Barbuda', 100),
('AI', 'Anguilla', 'Anguilla', 100),
('AL', 'Albania', 'Albanien', 100),
('AM', 'Armenia', 'Armenien', 100),
('AN', 'Netherlands Antilles', 'Niederländische Antillen', 100),
('AO', 'Angola', 'Angola', 100),
('AQ', 'Antarctica', 'Antarktis', 100),
('AR', 'Argentina', 'Argentinien', 100),
('AS', 'American Samoa', 'Amerikanisch-Samoa', 100),
('AT', 'Austria', 'Österreich', 3),
('AU', 'Australia', 'Australien', 100),
('AW', 'Aruba', 'Aruba', 100),
('AX', 'Aland Islands', 'Åland', 100),
('AZ', 'Azerbaijan', 'Aserbaidschan', 100),
('BA', 'Bosnia and Herzegovina', 'Bosnien und Herzegowina', 100),
('BB', 'Barbados', 'Barbados', 100),
('BD', 'Bangladesh', 'Bangladesch', 100),
('BE', 'Belgium', 'Belgien', 100),
('BF', 'Burkina Faso', 'Burkina Faso', 100),
('BG', 'Bulgaria', 'Bulgarien', 100),
('BH', 'Bahrain', 'Bahrain', 100),
('BI', 'Burundi', 'Burundi', 100),
('BJ', 'Benin', 'Benin', 100),
('BM', 'Bermuda', 'Bermuda', 100),
('BN', 'Brunei', 'Brunei Darussalam', 100),
('BO', 'Bolivia', 'Bolivien', 100),
('BR', 'Brazil', 'Brasilien', 100),
('BS', 'Bahamas', 'Bahamas', 100),
('BT', 'Bhutan', 'Bhutan', 100),
('BV', 'Bouvet Island', 'Bouvetinsel', 100),
('BW', 'Botswana', 'Botswana', 100),
('BY', 'Belarus', 'Belarus (Weißrussland)', 100),
('BZ', 'Belize', 'Belize', 100),
('CA', 'Canada', 'Kanada', 100),
('CC', 'Cocos (Keeling) Islands', 'Kokosinseln (Keelinginseln)', 100),
('CD', 'Congo (Kinshasa)', 'Kongo', 100),
('CF', 'Central African Republic', 'Zentralafrikanische Republik', 100),
('CG', 'Congo (Brazzaville)', 'Republik Kongo', 100),
('CH', 'Switzerland', 'Schweiz', 4),
('CI', 'Ivory Coast', 'Elfenbeinküste', 100),
('CK', 'Cook Islands', 'Cookinseln', 100),
('CL', 'Chile', 'Chile', 100),
('CM', 'Cameroon', 'Kamerun', 100),
('CN', 'China', 'China, Volksrepublik', 100),
('CO', 'Colombia', 'Kolumbien', 100),
('CR', 'Costa Rica', 'Costa Rica', 100),
('CS', 'Serbia And Montenegro', 'Serbien und Montenegro', 100),
('CU', 'Cuba', 'Kuba', 100),
('CV', 'Cape Verde', 'Kap Verde', 100),
('CX', 'Christmas Island', 'Weihnachtsinsel', 100),
('CY', 'Cyprus', 'Zypern', 100),
('CZ', 'Czech Republic', 'Tschechische Republik', 100),
('DE', 'Germany', 'Deutschland', 1),
('DJ', 'Djibouti', 'Dschibuti', 100),
('DK', 'Denmark', 'Dänemark', 100),
('DM', 'Dominica', 'Dominica', 100),
('DO', 'Dominican Republic', 'Dominikanische Republik', 100),
('DZ', 'Algeria', 'Algerien', 100),
('EC', 'Ecuador', 'Ecuador', 100),
('EE', 'Estonia', 'Estland (Reval)', 100),
('EG', 'Egypt', 'Ägypten', 100),
('EH', 'Western Sahara', 'Westsahara', 100),
('ER', 'Eritrea', 'Eritrea', 100),
('ES', 'Spain', 'Spanien', 100),
('ET', 'Ethiopia', 'Äthiopien', 100),
('FI', 'Finland', 'Finnland', 100),
('FJ', 'Fiji', 'Fidschi', 100),
('FK', 'Falkland Islands', 'Falklandinseln (Malwinen)', 100),
('FM', 'Micronesia', 'Mikronesien', 100),
('FO', 'Faroe Islands', 'Färöer', 100),
('FR', 'France', 'Frankreich', 100),
('GA', 'Gabon', 'Gabun', 100),
('GB', 'United Kingdom', 'Großbritannien und Nordirland', 100),
('GD', 'Grenada', 'Grenada', 100),
('GE', 'Georgia', 'Georgien', 100),
('GF', 'French Guiana', 'Französisch-Guayana', 100),
('GG', 'Guernsey', 'Guernsey (Kanalinsel)', 100),
('GH', 'Ghana', 'Ghana', 100),
('GI', 'Gibraltar', 'Gibraltar', 100),
('GL', 'Greenland', 'Grönland', 100),
('GM', 'Gambia', 'Gambia', 100),
('GN', 'Guinea', 'Guinea', 100),
('GP', 'Guadeloupe', 'Guadeloupe', 100),
('GQ', 'Equatorial Guinea', 'Äquatorialguinea', 100),
('GR', 'Greece', 'Griechenland', 100),
('GS', 'South Georgia and the South Sandwich Islands', 'Südgeorgien und die Südl. Sandwichinseln', 100),
('GT', 'Guatemala', 'Guatemala', 100),
('GU', 'Guam', 'Guam', 100),
('GW', 'Guinea-Bissau', 'Guinea-Bissau', 100),
('GY', 'Guyana', 'Guyana', 100),
('HK', 'Hong Kong S.A.R., China', 'Hongkong', 100),
('HM', 'Heard Island and McDonald Islands', 'Heard- und McDonald-Inseln', 100),
('HN', 'Honduras', 'Honduras', 100),
('HR', 'Croatia', 'Kroatien', 100),
('HT', 'Haiti', 'Haiti', 100),
('HU', 'Hungary', 'Ungarn', 100),
('ID', 'Indonesia', 'Indonesien', 100),
('IE', 'Ireland', 'Irland', 100),
('IL', 'Israel', 'Israel', 100),
('IM', 'Isle of Man', 'Insel Man', 100),
('IN', 'India', 'Indien', 100),
('IO', 'British Indian Ocean Territory', 'Britisches Territorium im Indischen Ozean', 100),
('IQ', 'Iraq', 'Irak', 100),
('IR', 'Iran', 'Iran', 100),
('IS', 'Iceland', 'Island', 100),
('IT', 'Italy', 'Italien', 2),
('JE', 'Jersey', 'Jersey (Kanalinsel)', 100),
('JM', 'Jamaica', 'Jamaika', 100),
('JO', 'Jordan', 'Jordanien', 100),
('JP', 'Japan', 'Japan', 100),
('KE', 'Kenya', 'Kenia', 100),
('KG', 'Kyrgyzstan', 'Kirgisistan', 100),
('KH', 'Cambodia', 'Kambodscha', 100),
('KI', 'Kiribati', 'Kiribati', 100),
('KM', 'Comoros', 'Komoren', 100),
('KN', 'Saint Kitts and Nevis', 'St. Kitts und Nevis', 100),
('KP', 'North Korea', 'Nordkorea', 100),
('KR', 'South Korea', 'Südkorea', 100),
('KW', 'Kuwait', 'Kuwait', 100),
('KY', 'Cayman Islands', 'Kaimaninseln', 100),
('KZ', 'Kazakhstan', 'Kasachstan', 100),
('LA', 'Laos', 'Laos', 100),
('LB', 'Lebanon', 'Libanon', 100),
('LC', 'Saint Lucia', 'St. Lucia', 100),
('LI', 'Liechtenstein', 'Liechtenstein', 100),
('LK', 'Sri Lanka', 'Sri Lanka', 100),
('LR', 'Liberia', 'Liberia', 100),
('LS', 'Lesotho', 'Lesotho', 100),
('LT', 'Lithuania', 'Litauen', 100),
('LU', 'Luxembourg', 'Luxemburg', 100),
('LV', 'Latvia', 'Lettland', 100),
('LY', 'Libya', 'Libyen', 100),
('MA', 'Morocco', 'Marokko', 100),
('MC', 'Monaco', 'Monaco', 100),
('MD', 'Moldova', 'Moldawien', 100),
('MG', 'Madagascar', 'Madagaskar', 100),
('MH', 'Marshall Islands', 'Marshallinseln', 100),
('MK', 'Macedonia', 'Mazedonien', 100),
('ML', 'Mali', 'Mali', 100),
('MM', 'Myanmar', 'Myanmar (Burma)', 100),
('MN', 'Mongolia', 'Mongolei', 100),
('MO', 'Macao S.A.R., China', 'Macao', 100),
('MP', 'Northern Mariana Islands', 'Nördliche Marianen', 100),
('MQ', 'Martinique', 'Martinique', 100),
('MR', 'Mauritania', 'Mauretanien', 100),
('MS', 'Montserrat', 'Montserrat', 100),
('MT', 'Malta', 'Malta', 100),
('MU', 'Mauritius', 'Mauritius', 100),
('MV', 'Maldives', 'Malediven', 100),
('MW', 'Malawi', 'Malawi', 100),
('MX', 'Mexico', 'Mexiko', 100),
('MY', 'Malaysia', 'Malaysia', 100),
('MZ', 'Mozambique', 'Mosambik', 100),
('NA', 'Namibia', 'Namibia', 100),
('NC', 'New Caledonia', 'Neukaledonien', 100),
('NE', 'Niger', 'Niger', 100),
('NF', 'Norfolk Island', 'Norfolkinsel', 100),
('NG', 'Nigeria', 'Nigeria', 100),
('NI', 'Nicaragua', 'Nicaragua', 100),
('NL', 'Netherlands', 'Niederlande', 100),
('NO', 'Norway', 'Norwegen', 100),
('NP', 'Nepal', 'Nepal', 100),
('NR', 'Nauru', 'Nauru', 100),
('NU', 'Niue', 'Niue', 100),
('NZ', 'New Zealand', 'Neuseeland', 100),
('OM', 'Oman', 'Oman', 100),
('PA', 'Panama', 'Panama', 100),
('PE', 'Peru', 'Peru', 100),
('PF', 'French Polynesia', 'Französisch-Polynesien', 100),
('PG', 'Papua New Guinea', 'Papua-Neuguinea', 100),
('PH', 'Philippines', 'Philippinen', 100),
('PK', 'Pakistan', 'Pakistan', 100),
('PL', 'Poland', 'Polen', 100),
('PM', 'Saint Pierre and Miquelon', 'St. Pierre und Miquelon', 100),
('PN', 'Pitcairn', 'Pitcairninseln', 100),
('PR', 'Puerto Rico', 'Puerto Rico', 100),
('PS', 'Palestinian Territory', 'Palästinensische Autonomiegebiete', 100),
('PT', 'Portugal', 'Portugal', 100),
('PW', 'Palau', 'Palau', 100),
('PY', 'Paraguay', 'Paraguay', 100),
('QA', 'Qatar', 'Katar', 100),
('RE', 'Reunion', 'Réunion', 100),
('RO', 'Romania', 'Rumänien', 100),
('RU', 'Russia', 'Russische Föderation', 100),
('RW', 'Rwanda', 'Ruanda', 100),
('SA', 'Saudi Arabia', 'Saudi-Arabien', 100),
('SB', 'Solomon Islands', 'Salomonen', 100),
('SC', 'Seychelles', 'Seychellen', 100),
('SD', 'Sudan', 'Sudan', 100),
('SE', 'Sweden', 'Schweden', 100),
('SG', 'Singapore', 'Singapur', 100),
('SH', 'Saint Helena', 'St. Helena', 100),
('SI', 'Slovenia', 'Slowenien', 100),
('SJ', 'Svalbard and Jan Mayen', 'Svalbard und Jan Mayen', 100),
('SK', 'Slovakia', 'Slowakei', 100),
('SL', 'Sierra Leone', 'Sierra Leone', 100),
('SM', 'San Marino', 'San Marino', 100),
('SN', 'Senegal', 'Senegal', 100),
('SO', 'Somalia', 'Somalia', 100),
('SR', 'Suriname', 'Suriname', 100),
('ST', 'Sao Tome and Principe', 'São Tomé und Príncipe', 100),
('SV', 'El Salvador', 'El Salvador', 100),
('SY', 'Syria', 'Syrien', 100),
('SZ', 'Swaziland', 'Swasiland', 100),
('TC', 'Turks and Caicos Islands', 'Turks- und Caicosinseln', 100),
('TD', 'Chad', 'Tschad', 100),
('TF', 'French Southern Territories', 'Französische Süd- und Antarktisgebiete', 100),
('TG', 'Togo', 'Togo', 100),
('TH', 'Thailand', 'Thailand', 100),
('TJ', 'Tajikistan', 'Tadschikistan', 100),
('TK', 'Tokelau', 'Tokelau', 100),
('TL', 'East Timor', 'Timor-Leste', 100),
('TM', 'Turkmenistan', 'Turkmenistan', 100),
('TN', 'Tunisia', 'Tunesien', 100),
('TO', 'Tonga', 'Tonga', 100),
('TR', 'Turkey', 'Türkei', 100),
('TT', 'Trinidad and Tobago', 'Trinidad und Tobago', 100),
('TV', 'Tuvalu', 'Tuvalu', 100),
('TW', 'Taiwan', 'Taiwan', 100),
('TZ', 'Tanzania', 'Tansania', 100),
('UA', 'Ukraine', 'Ukraine', 100),
('UG', 'Uganda', 'Uganda', 100),
('UM', 'United States Minor Outlying Islands', 'Amerikanisch-Ozeanien', 100),
('US', 'United States', 'Vereinigte Staaten von Amerika', 100),
('UY', 'Uruguay', 'Uruguay', 100),
('UZ', 'Uzbekistan', 'Usbekistan', 100),
('VA', 'Vatican', 'Vatikanstadt', 100),
('VC', 'Saint Vincent and the Grenadines', 'St. Vincent und die Grenadinen', 100),
('VE', 'Venezuela', 'Venezuela', 100),
('VG', 'British Virgin Islands', 'Britische Jungferninseln', 100),
('VI', 'U.S. Virgin Islands', 'Amerikanische Jungferninseln', 100),
('VN', 'Vietnam', 'Vietnam', 100),
('VU', 'Vanuatu', 'Vanuatu', 100),
('WF', 'Wallis and Futuna', 'Wallis und Futuna', 100),
('WS', 'Samoa', 'Samoa', 100),
('YE', 'Yemen', 'Jemen', 100),
('YT', 'Mayotte', 'Mayotte', 100),
('ZA', 'South Africa', 'Südafrika', 100),
('ZM', 'Zambia', 'Sambia', 100),
('ZW', 'Zimbabwe', 'Simbabwe', 100);

-- --------------------------------------------------------

--
-- Tabellenstruktur für Tabelle `events`
--

DROP TABLE IF EXISTS `events`;
CREATE TABLE `events` (
  `_id` int(8) NOT NULL,
  `uid` int(8) UNSIGNED DEFAULT NULL,
  `eventbeschreibung` text NOT NULL,
  `datumstart` date NOT NULL,
  `uhrzeitstart` time NOT NULL,
  `uhrzeitend` time NOT NULL,
  `veranstaltungsort` varchar(99) NOT NULL,
  `strasse` varchar(255) NOT NULL,
  `zip` varchar(10) NOT NULL,
  `ort` varchar(99) NOT NULL,
  `author` varchar(99) NOT NULL,
  `land` varchar(99) NOT NULL,
  `lat` double NOT NULL,
  `lng` double NOT NULL,
  `use_custom_coordinates` tinyint(4) UNSIGNED NOT NULL DEFAULT '0',
  `image` varchar(150) NOT NULL,
  `image_alt_text` varchar(255) NOT NULL,
  `status` smallint(6) NOT NULL,
  `owner` int(8) UNSIGNED NOT NULL,
  `created` datetime NOT NULL,
  `updated` datetime NOT NULL,
  `updated_by` int(8) UNSIGNED NOT NULL,
  `currently_updated_by` int(8) UNSIGNED NOT NULL,
  `currently_updated_start` datetime NOT NULL,
  `lang` varchar(3) NOT NULL,
  `workshop_uid` int(8) UNSIGNED NOT NULL
) ENGINE=InnoDB DEFAULT CHARSET=utf8;

-- --------------------------------------------------------

--
-- Tabellenstruktur für Tabelle `events_categories`
--

DROP TABLE IF EXISTS `events_categories`;
CREATE TABLE `events_categories` (
  `event_uid` int(8) UNSIGNED NOT NULL,
  `category_id` int(8) UNSIGNED NOT NULL
) ENGINE=InnoDB DEFAULT CHARSET=utf8;

-- --------------------------------------------------------

--
-- Tabellenstruktur für Tabelle `form_fields`
--

DROP TABLE IF EXISTS `form_fields`;
CREATE TABLE `form_fields` (
  `id` int(11) NOT NULL,
  `name` varchar(100) NOT NULL,
  `identifier` varchar(255) NOT NULL,
  `status` int(11) NOT NULL DEFAULT '1'
) ENGINE=InnoDB DEFAULT CHARSET=utf8;

--
-- Daten für Tabelle `form_fields`
--

INSERT INTO `form_fields` (`id`, `name`, `identifier`, `status`) VALUES
(1, 'Stromversorgung', 'power_supply', 1),
(2, 'Fehler gefunden?', 'defect_found', 1),
(3, 'Reparatur', 'defect_found_reason', 1),
(4, 'vertagt weil...', 'repair_postponed_reason', 1),
(5, 'nicht erfolgt weil...', 'no_repair_reason', 1),
(6, 'Abbruch: Gerät darf nicht mehr benutzt werden', 'device_must_not_be_used_anymore', 1);

-- --------------------------------------------------------

--
-- Tabellenstruktur für Tabelle `form_field_options`
--

DROP TABLE IF EXISTS `form_field_options`;
CREATE TABLE `form_field_options` (
  `id` int(11) NOT NULL,
  `form_field_id` int(10) UNSIGNED NOT NULL,
  `value` int(10) UNSIGNED NOT NULL,
  `name` varchar(100) NOT NULL,
  `rank` int(10) UNSIGNED NOT NULL,
  `status` tinyint(4) NOT NULL DEFAULT '1'
) ENGINE=InnoDB DEFAULT CHARSET=utf8;

--
-- Daten für Tabelle `form_field_options`
--

INSERT INTO `form_field_options` (`id`, `form_field_id`, `value`, `name`, `rank`, `status`) VALUES
(1, 1, 1, 'mit Netzteil', 10, 1),
(2, 1, 2, '230 V', 20, 1),
(3, 1, 3, 'Batterie', 30, 1),
(4, 1, 4, 'Akku', 40, 1),
(5, 1, 5, 'ohne Kabel (Mechanik)', 50, 1),
(6, 2, 1, 'ja', 10, 1),
(7, 2, 0, 'nein', 20, 1),
(8, 4, 1, 'Hilfsmittel oder Zubehör fehlt', 10, 1),
(9, 4, 2, 'Ersatzteilbesorgung durch Besucher', 20, 1),
(10, 4, 3, 'Ersatzteilbesorgung durch Reparateur', 30, 1),
(11, 3, 1, 'erfolgreich abgeschlossen', 10, 1),
(12, 3, 2, 'vertagt, weil...', 20, 1),
(13, 3, 3, 'nicht erfolgt, weil...', 30, 1),
(14, 3, 4, 'Abbruch: Gerät darf nicht mehr genutzt werden', 40, 1),
(15, 5, 1, 'hat noch Garantie', 10, 1),
(16, 5, 2, 'Hilfsmittel oder Zubehör fehlt', 20, 1),
(17, 5, 3, 'Gerät nicht komplett', 30, 1),
(18, 5, 4, 'Ersatzteil nicht erhältlich', 40, 1),
(19, 5, 5, 'Teilnutzung möglich', 50, 1),
(20, 5, 6, 'Gesamtaufwand zu hoch', 60, 1),
(21, 6, 7, 'technisch nicht möglich', 70, 1),
(22, 6, 8, 'nicht betriebssicher', 80, 1),
(23, 5, 9, 'zu lange Wartezeit', 90, 1),
(24, 5, 10, 'Sonstiges', 100, 1);

-- --------------------------------------------------------

--
-- Tabellenstruktur für Tabelle `groups`
--

DROP TABLE IF EXISTS `groups`;
CREATE TABLE `groups` (
  `id` int(8) NOT NULL,
  `name` varchar(255) NOT NULL
) ENGINE=InnoDB DEFAULT CHARSET=utf8;

--
-- Daten für Tabelle `groups`
--

INSERT INTO `groups` (`id`, `name`) VALUES
(2, 'admin'),
(7, 'repairhelper'),
(9, 'orga'),
(10, 'forum_moderator');

-- --------------------------------------------------------

--
-- Tabellenstruktur für Tabelle `i18n`
--

DROP TABLE IF EXISTS `i18n`;
CREATE TABLE `i18n` (
  `id` int(10) NOT NULL,
  `locale` varchar(6) NOT NULL,
  `model` varchar(255) NOT NULL,
  `foreign_key` int(10) NOT NULL,
  `field` varchar(255) NOT NULL,
  `content` mediumtext
) ENGINE=InnoDB DEFAULT CHARSET=utf8;

-- --------------------------------------------------------

--
-- Tabellenstruktur für Tabelle `info_sheets`
--

DROP TABLE IF EXISTS `info_sheets`;
CREATE TABLE `info_sheets` (
  `_id` int(8) NOT NULL,
  `uid` int(8) UNSIGNED DEFAULT NULL,
  `visitor_age` int(10) DEFAULT NULL,
  `visitor_gender` varchar(1) DEFAULT NULL,
  `device_name` varchar(255) NOT NULL,
  `device_age` int(10) UNSIGNED DEFAULT NULL,
  `defect_description` text NOT NULL,
  `defect_found` tinyint(4) UNSIGNED DEFAULT NULL,
  `defect_found_reason` tinyint(4) UNSIGNED DEFAULT NULL,
  `repair_postponed_reason` tinyint(4) UNSIGNED DEFAULT NULL,
  `no_repair_reason` tinyint(4) UNSIGNED DEFAULT NULL,
  `device_must_not_be_used_anymore` tinyint(4) UNSIGNED DEFAULT NULL,
  `no_repair_reason_text` varchar(200) NOT NULL,
  `status` smallint(6) NOT NULL,
  `owner` int(8) UNSIGNED NOT NULL,
  `created` datetime NOT NULL,
  `updated` datetime NOT NULL,
  `updated_by` int(8) UNSIGNED NOT NULL,
  `currently_updated_by` int(8) UNSIGNED NOT NULL,
  `currently_updated_start` datetime NOT NULL,
  `event_uid` int(8) UNSIGNED NOT NULL,
  `category_id` int(10) NOT NULL,
  `brand_id` int(10) UNSIGNED NOT NULL
) ENGINE=InnoDB DEFAULT CHARSET=utf8;

-- --------------------------------------------------------

--
-- Tabellenstruktur für Tabelle `info_sheets_form_field_options`
--

DROP TABLE IF EXISTS `info_sheets_form_field_options`;
CREATE TABLE `info_sheets_form_field_options` (
  `info_sheet_id` int(8) UNSIGNED NOT NULL,
  `form_field_option_id` int(8) UNSIGNED NOT NULL
) ENGINE=InnoDB DEFAULT CHARSET=utf8;

-- --------------------------------------------------------

--
-- Tabellenstruktur für Tabelle `metatags`
--

DROP TABLE IF EXISTS `metatags`;
CREATE TABLE `metatags` (
  `id` int(10) UNSIGNED NOT NULL,
  `object_uid` int(10) UNSIGNED NOT NULL,
  `title` varchar(255) NOT NULL,
  `description` varchar(255) NOT NULL,
  `keywords` varchar(255) NOT NULL
) ENGINE=InnoDB DEFAULT CHARSET=utf8;

-- --------------------------------------------------------

--
-- Tabellenstruktur für Tabelle `newsletters`
--

DROP TABLE IF EXISTS `newsletters`;
CREATE TABLE `newsletters` (
  `id` int(255) NOT NULL,
  `email` varchar(255) NOT NULL,
  `plz` varchar(8) NOT NULL,
  `created` datetime NOT NULL,
  `confirm` text NOT NULL,
  `unsub` text NOT NULL
) ENGINE=InnoDB DEFAULT CHARSET=utf8;

-- --------------------------------------------------------

--
-- Tabellenstruktur für Tabelle `pages`
--

DROP TABLE IF EXISTS `pages`;
CREATE TABLE `pages` (
  `_id` int(8) NOT NULL,
  `uid` int(8) UNSIGNED DEFAULT NULL,
  `name` varchar(255) DEFAULT NULL,
  `text` text NOT NULL,
  `url` varchar(255) DEFAULT NULL,
  `status` smallint(6) NOT NULL,
  `owner` int(8) UNSIGNED NOT NULL,
  `created` datetime NOT NULL,
  `updated` datetime NOT NULL,
  `updated_by` int(8) UNSIGNED NOT NULL,
  `currently_updated_by` int(8) UNSIGNED NOT NULL,
  `currently_updated_start` datetime NOT NULL,
  `lang` varchar(3) NOT NULL,
  `position` int(10) UNSIGNED NOT NULL,
  `menu_type` varchar(255) NOT NULL DEFAULT 'no-menu',
  `parent_uid` int(10) UNSIGNED NOT NULL,
  `lft` int(10) NOT NULL,
  `rght` int(10) NOT NULL
) ENGINE=InnoDB DEFAULT CHARSET=utf8;

--
-- Daten für Tabelle `pages`
--

INSERT INTO `pages` (`_id`, `uid`, `name`, `text`, `url`, `status`, `owner`, `created`, `updated`, `updated_by`, `currently_updated_by`, `currently_updated_start`, `lang`, `position`, `menu_type`, `parent_uid`, `lft`, `rght`) VALUES
(80, 1675, 'homepage.introtext', '<p>Hier befindest du dich im internen Bereich der Plattform.</p>\r\n\r\n<p>&nbsp;</p>\r\n\r\n<p>Unter <strong>Mein</strong> <strong>Profil </strong>kannst du deine Daten verwalten und über ihre Sichtbarkeit entscheiden, ein Benutzerbild hochladen und deine <strong>Rolle(n) </strong>als Aktive/r (OrganisatorIn oder ReparaturhelferIn) angeben.</p>\r\n\r\n<p>&nbsp;</p>\r\n\r\n<p>Als <strong>OrganisatorIn</strong> kannst du unter <strong>Meine Initiativen </strong>deine Initiative(n) eintragen, verwalten und die Anfragen von Mitwirkenden bestätigen. Auf der Seite deiner Initiative kannst du&nbsp;<strong>Termine&nbsp;</strong>geplanter Reparaturveranstaltungen eintragen und verwalten. Gleiches funktioniert auch über den Reiter <strong>Meine Termine </strong>- hier können zusätzlich die <strong>Reparatur-Laufzettel </strong>eingepflegt werden.<br />\r\n<br />\r\nAls <strong>ReparaturhelferI</strong><strong>n</strong> kannst du unter <strong>Mitmachen</strong> deine Mitarbeit bei einer Initiative angeben und Laufzettel zu den Veranstaltungen deiner Initiative(n) anlegen.</p>\r\n\r\n<p>&nbsp;</p>\r\n\r\n<p>Im Menü oben findest du unter<strong> Initiative gründen</strong> Informationen und Materialien, die dir das Planen und Durchführen einer Reparaturveranstaltung erleichtern - inklusive verschiedener Vorlagen für Pressemitteilungen, Beschilderungen und ähnliches, die du nach deinen eigenen Ideen und Vorstellungen gestalten und anpassen kannst.</p>\r\n\r\n<p>&nbsp;</p>\r\n\r\n<p>Bei weiteren Fragen zur Funktion der Plattform oder zur Gründung einer Initiative steht dir das Team des</p>\r\n\r\n<p>Netzwerks Reparatur-Initiativen zur Verfügung.</p>\r\n\r\n<p>&nbsp;</p>\r\n\r\n<p>Du erreichst uns unter: <a href=\"mailto:reparieren@anstiftung.de\">reparieren@anstiftung.de</a> oder T: (+49) 089/747460-18 (Mo-Do, 9-15 Uhr oder AB)</p>', 'startseite-introtext', 1, 1652, '2015-01-27 15:03:36', '2019-06-18 16:04:39', 1825, 0, '2019-06-18 16:04:39', 'de', 0, 'no-menu', 0, 0, 0),
(103, 1959, 'Was.ist.ein.Organisator', '<p>Setze hier den Haken, wenn du eine Reparatur-Initiative organisierst, d.h. die Veranstaltungen planst und vorbereitest, Termine koordinierst und als AnsprechpartnerIn für das Reparatur-Team, BesucherInnen oder die Presse tätig bist.</p>', 'was-ist-ein-organisator', 1, 1815, '2015-03-06 01:17:12', '2019-06-06 09:35:51', 1825, 1825, '2019-06-06 09:35:51', 'de', 0, 'no-menu', 0, 0, 0),
(104, 1960, 'Was.ist.ein.Reparateur', '<p>Setze hier den Haken, wenn du ehrenamtlich bei einer Reparatur-Initiative reparierst oder reparieren möchtest oder du eine Initiative am Empfang, im Café-Bereich oder anderweitig unterstützt. Wenn du das auswählst, kannst du unten deine speziellen Fähigkeiten und Fachkenntnisse in deinem Gebiet eintragen.</p>', 'was-ist-ein-reparateur', 1, 1815, '2015-03-06 01:18:13', '2019-06-06 09:36:34', 1825, 1825, '2019-06-06 09:36:34', 'de', 0, 'no-menu', 0, 0, 0);

-- --------------------------------------------------------

--
-- Tabellenstruktur für Tabelle `phinxlog`
--

DROP TABLE IF EXISTS `phinxlog`;
CREATE TABLE `phinxlog` (
  `version` bigint(20) NOT NULL,
  `migration_name` varchar(100) DEFAULT NULL,
  `start_time` timestamp NULL DEFAULT NULL,
  `end_time` timestamp NULL DEFAULT NULL,
  `breakpoint` tinyint(1) NOT NULL DEFAULT '0'
) ENGINE=InnoDB DEFAULT CHARSET=utf8;

--
-- Tabellenstruktur für Tabelle `photos`
--

DROP TABLE IF EXISTS `photos`;
CREATE TABLE `photos` (
  `_id` int(8) NOT NULL,
  `uid` int(8) UNSIGNED DEFAULT NULL,
  `object_uid` int(8) UNSIGNED DEFAULT NULL,
  `object_type` enum('pages','posts','workshops','events') CHARACTER SET ascii COLLATE ascii_bin NOT NULL,
  `name` varchar(255) DEFAULT NULL,
  `text` text NOT NULL,
  `rank` int(8) UNSIGNED DEFAULT NULL,
  `status` smallint(6) NOT NULL,
  `owner` int(8) UNSIGNED NOT NULL,
  `created` datetime NOT NULL,
  `updated` datetime NOT NULL,
  `updated_by` int(8) UNSIGNED NOT NULL,
  `currently_updated_by` int(8) UNSIGNED NOT NULL,
  `currently_updated_start` datetime NOT NULL
) ENGINE=InnoDB DEFAULT CHARSET=utf8;

-- --------------------------------------------------------

--
-- Tabellenstruktur für Tabelle `posts`
--

DROP TABLE IF EXISTS `posts`;
CREATE TABLE `posts` (
  `_id` int(8) NOT NULL,
  `uid` int(8) UNSIGNED DEFAULT NULL,
  `blog_id` int(8) UNSIGNED DEFAULT NULL,
  `name` varchar(255) DEFAULT NULL,
  `text` text NOT NULL,
  `url` varchar(255) NOT NULL,
  `city` varchar(255) NOT NULL,
  `author` varchar(255) NOT NULL,
  `image` varchar(150) NOT NULL,
  `image_alt_text` varchar(255) NOT NULL,
  `publish` date NOT NULL,
  `status` smallint(6) NOT NULL,
  `owner` int(8) UNSIGNED NOT NULL,
  `created` datetime NOT NULL,
  `updated` datetime NOT NULL,
  `updated_by` int(8) UNSIGNED NOT NULL,
  `currently_updated_by` int(8) UNSIGNED NOT NULL,
  `currently_updated_start` datetime NOT NULL
) ENGINE=InnoDB DEFAULT CHARSET=utf8;

-- --------------------------------------------------------

--
-- Tabellenstruktur für Tabelle `roots`
--

DROP TABLE IF EXISTS `roots`;
CREATE TABLE `roots` (
  `uid` int(8) UNSIGNED NOT NULL,
  `object_type` enum('pages','users','posts','workshops','events','coaches','votings','photos','info_sheets') CHARACTER SET ascii COLLATE ascii_bin NOT NULL
) ENGINE=InnoDB DEFAULT CHARSET=utf8;

--
-- Daten für Tabelle `roots`
--

INSERT INTO `roots` (`uid`, `object_type`) VALUES
(3, 'pages'),
(4, 'pages'),
(6, 'pages'),
(9, 'pages'),
(13, 'pages'),
(906, 'pages'),
(1108, 'pages'),
(1112, 'pages'),
(1113, 'pages'),
(1162, 'pages'),
(1194, 'pages'),
(1253, 'pages'),
(1260, 'pages'),
(1301, 'pages'),
(1384, 'pages'),
(1385, 'pages'),
(1386, 'pages'),
(1390, 'pages'),
(1391, 'pages'),
(1392, 'pages'),
(1393, 'pages'),
(1401, 'pages'),
(1407, 'pages'),
(1410, 'pages'),
(1451, 'pages'),
(1485, 'pages'),
(1494, 'pages'),
(1528, 'pages'),
(1529, 'pages'),
(1644, 'pages'),
(1675, 'pages'),
(1676, 'pages'),
(1680, 'pages'),
(1682, 'pages'),
(1703, 'pages'),
(1713, 'pages'),
(1715, 'pages'),
(1716, 'pages'),
(1717, 'pages'),
(1720, 'pages'),
(1721, 'pages'),
(1722, 'pages'),
(1723, 'pages'),
(1724, 'pages'),
(1725, 'pages'),
(1874, 'pages'),
(1958, 'pages'),
(1959, 'pages'),
(1960, 'pages'),
(2238, 'pages'),
(2504, 'pages'),
(2508, 'pages'),
(3211, 'pages'),
(3387, 'pages'),
(3397, 'pages'),
(7964, 'pages'),
(8869, 'pages'),
(8870, 'pages'),
(8871, 'pages'),
(8918, 'pages'),
(9325, 'pages'),
(9632, 'pages'),
(9857, 'pages'),
(9858, 'pages'),
(12740, 'pages'),
(12744, 'pages'),
(13483, 'pages'),
(14555, 'pages'),
(15203, 'pages'),
(18436, 'pages'),
(18663, 'pages'),
(18664, 'pages'),
(18852, 'pages');

--
-- Tabellenstruktur für Tabelle `skills`
--

DROP TABLE IF EXISTS `skills`;
CREATE TABLE `skills` (
  `id` int(11) NOT NULL,
  `name` varchar(100) COLLATE utf8_bin NOT NULL,
  `status` smallint(6) NOT NULL,
  `owner` int(10) UNSIGNED DEFAULT NULL,
  `created` datetime NOT NULL,
  `modified` datetime NOT NULL
) ENGINE=InnoDB DEFAULT CHARSET=utf8 COLLATE=utf8_bin;

-- --------------------------------------------------------

--
-- Tabellenstruktur für Tabelle `third_party_statistics`
--

DROP TABLE IF EXISTS `third_party_statistics`;
CREATE TABLE `third_party_statistics` (
  `id` int(11) NOT NULL,
  `category_id` int(10) UNSIGNED NOT NULL,
  `date_from` date NOT NULL,
  `date_to` date NOT NULL,
  `repaired` int(10) UNSIGNED NOT NULL
) ENGINE=InnoDB DEFAULT CHARSET=utf8;

-- --------------------------------------------------------

--
-- Tabellenstruktur für Tabelle `users`
--

DROP TABLE IF EXISTS `users`;
CREATE TABLE `users` (
  `_id` int(8) NOT NULL,
  `uid` int(8) UNSIGNED DEFAULT NULL,
  `password` char(60) DEFAULT NULL,
  `email` varchar(255) NOT NULL,
  `nick` varchar(25) DEFAULT NULL,
  `firstname` varchar(100) DEFAULT NULL,
  `lastname` varchar(100) DEFAULT NULL,
  `skills_extra` varchar(999) NOT NULL,
  `website` varchar(255) NOT NULL,
  `zip` varchar(10) DEFAULT NULL,
  `street` varchar(255) NOT NULL,
  `city` varchar(255) NOT NULL,
  `country_code` char(2) NOT NULL,
  `phone` varchar(24) NOT NULL,
  `twitter_username` varchar(99) NOT NULL,
  `feed_url` varchar(99) NOT NULL,
  `facebook_username` varchar(99) NOT NULL,
  `additional_contact` varchar(255) NOT NULL,
  `status` smallint(6) NOT NULL,
  `owner` int(8) UNSIGNED NOT NULL,
  `created` datetime NOT NULL,
  `updated` datetime NOT NULL,
  `updated_by` int(8) UNSIGNED NOT NULL,
  `currently_updated_by` int(8) UNSIGNED NOT NULL,
  `currently_updated_start` datetime NOT NULL,
  `image` varchar(255) NOT NULL,
  `image_alt_text` varchar(99) NOT NULL,
  `lang` varchar(3) NOT NULL,
  `private` text NOT NULL,
  `confirm` text NOT NULL,
  `privacy_policy_accepted` tinyint(4) UNSIGNED NOT NULL DEFAULT '0'
) ENGINE=InnoDB DEFAULT CHARSET=utf8;

-- --------------------------------------------------------

--
-- Tabellenstruktur für Tabelle `users_categories`
--

DROP TABLE IF EXISTS `users_categories`;
CREATE TABLE `users_categories` (
  `user_uid` int(8) UNSIGNED NOT NULL,
  `category_id` int(8) UNSIGNED NOT NULL
) ENGINE=InnoDB DEFAULT CHARSET=utf8;

-- --------------------------------------------------------

--
-- Tabellenstruktur für Tabelle `users_groups`
--

DROP TABLE IF EXISTS `users_groups`;
CREATE TABLE `users_groups` (
  `user_uid` int(8) NOT NULL,
  `group_id` int(8) NOT NULL
) ENGINE=InnoDB DEFAULT CHARSET=utf8;

-- --------------------------------------------------------

--
-- Tabellenstruktur für Tabelle `users_skills`
--

DROP TABLE IF EXISTS `users_skills`;
CREATE TABLE `users_skills` (
  `user_uid` int(8) UNSIGNED NOT NULL,
  `skill_id` int(8) UNSIGNED NOT NULL
) ENGINE=InnoDB DEFAULT CHARSET=utf8;

--
-- Daten für Tabelle `users_skills`
--

INSERT INTO `users_skills` (`user_uid`, `skill_id`) VALUES
(4722, 1),
(4722, 2),
(4722, 3),
(4722, 22),
(4722, 23),
(4722, 24),
(4722, 25),
(4722, 27),
(4722, 28),
(4722, 29),
(4722, 31),
(4722, 33),
(4722, 34),
(4722, 37);

-- --------------------------------------------------------

--
-- Tabellenstruktur für Tabelle `users_workshops`
--

DROP TABLE IF EXISTS `users_workshops`;
CREATE TABLE `users_workshops` (
  `user_uid` int(8) NOT NULL,
  `workshop_uid` int(8) NOT NULL,
  `created` datetime NOT NULL,
  `approved` datetime NOT NULL
) ENGINE=InnoDB DEFAULT CHARSET=utf8;

-- --------------------------------------------------------

--
-- Tabellenstruktur für Tabelle `worknews`
--

DROP TABLE IF EXISTS `worknews`;
CREATE TABLE `worknews` (
  `id` int(255) NOT NULL,
  `workshop_uid` int(8) NOT NULL,
  `email` varchar(255) NOT NULL,
  `created` datetime NOT NULL,
  `modified` datetime NOT NULL,
  `confirm` text NOT NULL,
  `unsub` text NOT NULL
) ENGINE=InnoDB DEFAULT CHARSET=utf8;

-- --------------------------------------------------------

--
-- Tabellenstruktur für Tabelle `workshops`
--

DROP TABLE IF EXISTS `workshops`;
CREATE TABLE `workshops` (
  `_id` int(8) NOT NULL,
  `uid` int(8) UNSIGNED DEFAULT NULL,
  `name` varchar(255) DEFAULT NULL,
  `text` text NOT NULL,
  `url` varchar(255) NOT NULL,
  `zip` varchar(10) NOT NULL,
  `street` varchar(255) NOT NULL,
  `city` varchar(255) NOT NULL,
  `adresszusatz` varchar(255) NOT NULL,
  `country_code` char(2) NOT NULL,
  `email` varchar(255) NOT NULL,
  `website` varchar(255) DEFAULT NULL,
  `feed_url` varchar(255) NOT NULL,
  `twitter_username` varchar(255) NOT NULL,
  `facebook_username` varchar(255) NOT NULL,
  `additional_contact` varchar(255) NOT NULL,
  `image` varchar(150) NOT NULL,
  `image_alt_text` varchar(255) NOT NULL,
  `use_custom_coordinates` tinyint(4) UNSIGNED NOT NULL DEFAULT '0',
  `lat` double NOT NULL,
  `lng` double NOT NULL,
  `traeger` varchar(255) NOT NULL,
  `rechtsform` varchar(255) NOT NULL,
  `rechtl_vertret` varchar(255) NOT NULL,
  `show_statistics` tinyint(3) UNSIGNED NOT NULL DEFAULT '1',
  `status` smallint(6) NOT NULL,
  `owner` int(8) UNSIGNED NOT NULL,
  `created` datetime NOT NULL,
  `updated` datetime NOT NULL,
  `updated_by` int(8) UNSIGNED NOT NULL,
  `currently_updated_by` int(8) UNSIGNED NOT NULL,
  `currently_updated_start` datetime NOT NULL,
  `lang` varchar(3) NOT NULL,
  `other_users` text NOT NULL
) ENGINE=InnoDB DEFAULT CHARSET=utf8;

-- --------------------------------------------------------

--
-- Tabellenstruktur für Tabelle `workshops_categories`
--

DROP TABLE IF EXISTS `workshops_categories`;
CREATE TABLE `workshops_categories` (
  `workshop_uid` int(8) UNSIGNED NOT NULL,
  `category_id` int(8) UNSIGNED NOT NULL
) ENGINE=InnoDB DEFAULT CHARSET=utf8;


--
-- Indizes für die Tabelle `blocked_workshop_slugs`
--
ALTER TABLE `blocked_workshop_slugs`
  ADD PRIMARY KEY (`id`),
  ADD UNIQUE KEY `url` (`url`);

--
-- Indizes für die Tabelle `blogs`
--
ALTER TABLE `blogs`
  ADD PRIMARY KEY (`id`);

--
-- Indizes für die Tabelle `brands`
--
ALTER TABLE `brands`
  ADD PRIMARY KEY (`id`);

--
-- Indizes für die Tabelle `categories`
--
ALTER TABLE `categories`
  ADD PRIMARY KEY (`id`);

--
-- Indizes für die Tabelle `countries`
--
ALTER TABLE `countries`
  ADD PRIMARY KEY (`code`),
  ADD KEY `de` (`name_de`),
  ADD KEY `en` (`name_en`);

--
-- Indizes für die Tabelle `events`
--
ALTER TABLE `events`
  ADD PRIMARY KEY (`_id`),
  ADD UNIQUE KEY `uid` (`uid`);

--
-- Indizes für die Tabelle `events_categories`
--
ALTER TABLE `events_categories`
  ADD PRIMARY KEY (`event_uid`,`category_id`);

--
-- Indizes für die Tabelle `form_fields`
--
ALTER TABLE `form_fields`
  ADD PRIMARY KEY (`id`);

--
-- Indizes für die Tabelle `form_field_options`
--
ALTER TABLE `form_field_options`
  ADD PRIMARY KEY (`id`);

--
-- Indizes für die Tabelle `groups`
--
ALTER TABLE `groups`
  ADD PRIMARY KEY (`id`);

--
-- Indizes für die Tabelle `i18n`
--
ALTER TABLE `i18n`
  ADD PRIMARY KEY (`id`),
  ADD KEY `locale` (`locale`),
  ADD KEY `model` (`model`),
  ADD KEY `row_id` (`foreign_key`),
  ADD KEY `field` (`field`);

--
-- Indizes für die Tabelle `info_sheets`
--
ALTER TABLE `info_sheets`
  ADD PRIMARY KEY (`_id`),
  ADD UNIQUE KEY `uid` (`uid`);

--
-- Indizes für die Tabelle `info_sheets_form_field_options`
--
ALTER TABLE `info_sheets_form_field_options`
  ADD PRIMARY KEY (`info_sheet_id`,`form_field_option_id`);

--
-- Indizes für die Tabelle `metatags`
--
ALTER TABLE `metatags`
  ADD PRIMARY KEY (`id`);

--
-- Indizes für die Tabelle `newsletters`
--
ALTER TABLE `newsletters`
  ADD PRIMARY KEY (`id`),
  ADD UNIQUE KEY `email` (`email`);

--
-- Indizes für die Tabelle `pages`
--
ALTER TABLE `pages`
  ADD PRIMARY KEY (`_id`),
  ADD KEY `lang` (`lang`),
  ADD KEY `status` (`status`);

--
-- Indizes für die Tabelle `phinxlog`
--
ALTER TABLE `phinxlog`
  ADD PRIMARY KEY (`version`);

--
-- Indizes für die Tabelle `photos`
--
ALTER TABLE `photos`
  ADD PRIMARY KEY (`_id`);

--
-- Indizes für die Tabelle `posts`
--
ALTER TABLE `posts`
  ADD PRIMARY KEY (`_id`);

--
-- Indizes für die Tabelle `roots`
--
ALTER TABLE `roots`
  ADD PRIMARY KEY (`uid`),
  ADD KEY `object_type` (`object_type`);

--
-- Indizes für die Tabelle `skills`
--
ALTER TABLE `skills`
  ADD PRIMARY KEY (`id`);

--
-- Indizes für die Tabelle `third_party_statistics`
--
ALTER TABLE `third_party_statistics`
  ADD PRIMARY KEY (`id`);

--
-- Indizes für die Tabelle `users`
--
ALTER TABLE `users`
  ADD PRIMARY KEY (`_id`),
  ADD UNIQUE KEY `email` (`email`);

--
-- Indizes für die Tabelle `users_categories`
--
ALTER TABLE `users_categories`
  ADD PRIMARY KEY (`user_uid`,`category_id`);

--
-- Indizes für die Tabelle `users_groups`
--
ALTER TABLE `users_groups`
  ADD PRIMARY KEY (`user_uid`,`group_id`);

--
-- Indizes für die Tabelle `users_skills`
--
ALTER TABLE `users_skills`
  ADD PRIMARY KEY (`user_uid`,`skill_id`);

--
-- Indizes für die Tabelle `users_workshops`
--
ALTER TABLE `users_workshops`
  ADD PRIMARY KEY (`user_uid`,`workshop_uid`);

--
-- Indizes für die Tabelle `worknews`
--
ALTER TABLE `worknews`
  ADD PRIMARY KEY (`workshop_uid`,`email`),
  ADD KEY `_id` (`id`);

--
-- Indizes für die Tabelle `workshops`
--
ALTER TABLE `workshops`
  ADD PRIMARY KEY (`_id`),
  ADD UNIQUE KEY `uid` (`uid`),
  ADD KEY `created` (`created`),
  ADD KEY `city` (`city`),
  ADD KEY `zip` (`zip`),
  ADD KEY `name` (`name`),
  ADD KEY `country_code` (`country_code`);
ALTER TABLE `workshops` ADD FULLTEXT KEY `text` (`text`);

--
-- Indizes für die Tabelle `workshops_categories`
--
ALTER TABLE `workshops_categories`
  ADD PRIMARY KEY (`workshop_uid`,`category_id`);

--
-- AUTO_INCREMENT für exportierte Tabellen
--

--
-- AUTO_INCREMENT für Tabelle `blocked_workshop_slugs`
--
ALTER TABLE `blocked_workshop_slugs`
  MODIFY `id` int(11) NOT NULL AUTO_INCREMENT, AUTO_INCREMENT=36;

--
-- AUTO_INCREMENT für Tabelle `blogs`
--
ALTER TABLE `blogs`
  MODIFY `id` int(8) NOT NULL AUTO_INCREMENT, AUTO_INCREMENT=3;

--
-- AUTO_INCREMENT für Tabelle `brands`
--
ALTER TABLE `brands`
  MODIFY `id` int(8) NOT NULL AUTO_INCREMENT, AUTO_INCREMENT=1080;

--
-- AUTO_INCREMENT für Tabelle `categories`
--
ALTER TABLE `categories`
  MODIFY `id` int(11) NOT NULL AUTO_INCREMENT, AUTO_INCREMENT=719;

--
-- AUTO_INCREMENT für Tabelle `events`
--
ALTER TABLE `events`
  MODIFY `_id` int(8) NOT NULL AUTO_INCREMENT;

--
-- AUTO_INCREMENT für Tabelle `form_fields`
--
ALTER TABLE `form_fields`
  MODIFY `id` int(11) NOT NULL AUTO_INCREMENT, AUTO_INCREMENT=7;

--
-- AUTO_INCREMENT für Tabelle `form_field_options`
--
ALTER TABLE `form_field_options`
  MODIFY `id` int(11) NOT NULL AUTO_INCREMENT, AUTO_INCREMENT=25;

--
-- AUTO_INCREMENT für Tabelle `groups`
--
ALTER TABLE `groups`
  MODIFY `id` int(8) NOT NULL AUTO_INCREMENT, AUTO_INCREMENT=11;

--
-- AUTO_INCREMENT für Tabelle `i18n`
--
ALTER TABLE `i18n`
  MODIFY `id` int(10) NOT NULL AUTO_INCREMENT;

--
-- AUTO_INCREMENT für Tabelle `info_sheets`
--
ALTER TABLE `info_sheets`
  MODIFY `_id` int(8) NOT NULL AUTO_INCREMENT;

--
-- AUTO_INCREMENT für Tabelle `metatags`
--
ALTER TABLE `metatags`
  MODIFY `id` int(10) UNSIGNED NOT NULL AUTO_INCREMENT;

--
-- AUTO_INCREMENT für Tabelle `newsletters`
--
ALTER TABLE `newsletters`
  MODIFY `id` int(255) NOT NULL AUTO_INCREMENT;

--
-- AUTO_INCREMENT für Tabelle `pages`
--
ALTER TABLE `pages`
  MODIFY `_id` int(8) NOT NULL AUTO_INCREMENT, AUTO_INCREMENT=131;

--
-- AUTO_INCREMENT für Tabelle `photos`
--
ALTER TABLE `photos`
  MODIFY `_id` int(8) NOT NULL AUTO_INCREMENT;

--
-- AUTO_INCREMENT für Tabelle `posts`
--
ALTER TABLE `posts`
  MODIFY `_id` int(8) NOT NULL AUTO_INCREMENT;

--
-- AUTO_INCREMENT für Tabelle `roots`
--
ALTER TABLE `roots`
  MODIFY `uid` int(8) UNSIGNED NOT NULL AUTO_INCREMENT, AUTO_INCREMENT=22610;

--
-- AUTO_INCREMENT für Tabelle `skills`
--
ALTER TABLE `skills`
  MODIFY `id` int(11) NOT NULL AUTO_INCREMENT, AUTO_INCREMENT=38;

--
-- AUTO_INCREMENT für Tabelle `third_party_statistics`
--
ALTER TABLE `third_party_statistics`
  MODIFY `id` int(11) NOT NULL AUTO_INCREMENT;

--
-- AUTO_INCREMENT für Tabelle `users`
--
ALTER TABLE `users`
  MODIFY `_id` int(8) NOT NULL AUTO_INCREMENT;

--
-- AUTO_INCREMENT für Tabelle `worknews`
--
ALTER TABLE `worknews`
  MODIFY `id` int(255) NOT NULL AUTO_INCREMENT;

--
-- AUTO_INCREMENT für Tabelle `workshops`
--
ALTER TABLE `workshops`
  MODIFY `_id` int(8) NOT NULL AUTO_INCREMENT;
COMMIT;

/*!40101 SET CHARACTER_SET_CLIENT=@OLD_CHARACTER_SET_CLIENT */;
/*!40101 SET CHARACTER_SET_RESULTS=@OLD_CHARACTER_SET_RESULTS */;
/*!40101 SET COLLATION_CONNECTION=@OLD_COLLATION_CONNECTION */;
